Workbook

Sheet README
A1: Supplementary Tables S1 to S13
A3: • This workbook accompanies the final manuscript and contains complete result tables; it is not a reviewer-response document.
A4: • Evidence tiers are kept distinct: primary statistical models, internal sensitivity analyses, and descriptive molecular or tissue context.
A5: • SMR global corrections apply to the second-stage tests and do not calibrate the first-stage disease-GWAS-guided region selection.
A6: • The RPE multivariable finding is single-variant-dependent and estimator-sensitive. It is not presented as an established protective mechanism.
A7: • Visium analyses are descriptive because disease status is completely confounded with donor identity and matched random gene-set tests were null.
A8: • The GCL-TNXB mediation pipeline retains its historical 32-instrument input and is separate from the 33-instrument full54 forward model.
A9: • S6c records only the heritability values displayed in the retained Figure 2 graphic. It does not impute missing h2 standard errors.
A10: • All tables use three-line formatting: thick top and bottom rules, a thin header rule, and no vertical or internal horizontal rules.
A11: • Source IDs map to S13a_data_sources and to the reproducibility archive. The GitHub repository location is specified in the Availability of data and materials statement; no archived DOI has been assigned.

Sheet Table_Index
A1: Sheet | B1: Group | C1: Description | D1: Records | E1: Source
A2: S1_SMR_42pairs | B2: S1 | C2: Two-stage SMR candidate catalog with second-stage global-correction status. | D2: =COUNTA(S1_SMR_42pairs!A2:A43) -> 42 | E2: eQTLGen; disease GWAS
A3: S2_SMR_2354tests | B3: S2 | C3: All 2,354 disease-probe tests entering SMR Select with within-disease and second-stage global corrections. | D3: =COUNTA(S2_SMR_2354tests!A2:A2355) -> 2354 | E3: eQTLGen; disease GWAS
A4: S2b_SMR_rule_counts | B4: S2 | C4: Pair and unique-probe counts under each SMR correction and HEIDI rule. | D4: =COUNTA(S2b_SMR_rule_counts!A2:A7) -> 6 | E4: Derived results
A5: S3_forwardMR_full54 | B5: S3 | C5: Complete 54 forward MR models with five estimators, matched confidence intervals, FDR families, and input hashes. | D5: =COUNTA(S3_forwardMR_full54!A2:A55) -> 54 | E5: OCT; disease GWAS
A6: S4a_MR_PRESSO_54 | B6: S4 | C6: Unified 10,000-simulation MR-PRESSO results and formal outlier decisions. | D6: =COUNTA(S4a_MR_PRESSO_54!A2:A55) -> 54 | E6: Derived results
A7: S4b_MR_LOO_2045 | B7: S4 | C7: Leave-one-out estimates for all 54 forward models. | D7: =COUNTA(S4b_MR_LOO_2045!A2:A2046) -> 2045 | E7: Derived results
A8: S4c_singleSNP_2045 | B8: S4 | C8: Single-SNP Wald ratios for all forward instruments. | D8: =COUNTA(S4c_singleSNP_2045!A2:A2046) -> 2045 | E8: OCT; disease GWAS
A9: S4d_input_reconciliation | B9: S4 | C9: Reconciliation of current MR inputs with historical models; valid variants were retained. | D9: =COUNTA(S4d_input_reconciliation!A2:A55) -> 54 | E9: Derived results
A10: S4e_IAMDGC_audit | B10: S4 | C10: IAMDGC 2.0 extraction and exact historical-result reconciliation for nine models. | D10: =COUNTA(S4e_IAMDGC_audit!A2:A10) -> 9 | E10: IAMDGC 2.0
A11: S4f_FDR_families | B11: S4 | C11: Definitions and counts for the forward MR multiplicity families. | D11: =COUNTA(S4f_FDR_families!A2:A19) -> 18 | E11: Derived results
A12: S5_reverseMR_54 | B12: S5 | C12: Reverse MR estimates and diagnostics; the nine winkler_earlyamd rows form the primary reverse family. | D12: =COUNTA(S5_reverseMR_54!A2:A55) -> 54 | E12: OCT; disease GWAS
A13: S5b_reverse_early9 | B13: S5 | C13: Precision, t-based confidence intervals, detectable-effect calculations, and the primary nine-test t-based FDR for early AMD reverse models. | D13: =COUNTA(S5b_reverse_early9!A2:A10) -> 9 | E13: OCT; Winkler early AMD
A14: S6a_LDSC_rg90 | B14: S6 | C14: All 90 LDSC genetic-correlation results with precision and detectable-effect calculations. | D14: =COUNTA(S6a_LDSC_rg90!A2:A91) -> 90 | E14: OCT; disease GWAS
A15: S6b_LDSC_early9 | B15: S6 | C15: Nine layer-early AMD genetic correlations with 95% confidence intervals and power-aware interpretation. | D15: =COUNTA(S6b_LDSC_early9!A2:A10) -> 9 | E15: OCT; Winkler early AMD
A16: S6c_h2_figure_source | B16: S6 | C16: Figure 2A heritability point-estimate provenance. No standard errors are imputed. | D16: =COUNTA(S6c_h2_figure_source!A2:A11) -> 10 | E16: Derived results
A17: S7a_MVMR_all18 | B17: S7 | C17: All 18 audited multivariable MR exposure estimates with conditional F and heterogeneity statistics. | D17: =COUNTA(S7a_MVMR_all18!A2:A19) -> 18 | E17: OCT; disease GWAS
A18: S7b_MVMR_early3 | B18: S7 | C18: Validated three-exposure early AMD model. | D18: =COUNTA(S7b_MVMR_early3!A2:A4) -> 3 | E18: Derived results
A19: S7c_MVMR_LOO354 | B19: S7 | C19: Complete leave-one-out refits for the three-exposure early AMD model. | D19: =COUNTA(S7c_MVMR_LOO354!A2:A355) -> 354 | E19: Derived results
A20: S7d_MVMR_influence | B20: S7 | C20: Variant-level Q contributions, leverage, residuals, and Cook distance. | D20: =COUNTA(S7d_MVMR_influence!A2:A119) -> 118 | E20: Derived results
A21: S7e_MVMR_median | B21: S7 | C21: MVMR-Median parametric-bootstrap sensitivity with normal and percentile intervals. | D21: =COUNTA(S7e_MVMR_median!A2:A7) -> 6 | E21: Derived results
A22: S7f_MVMR_Egger | B22: S7 | C22: MVMR-Egger sensitivity including the intercept and residual heterogeneity. | D22: =COUNTA(S7f_MVMR_Egger!A2:A5) -> 4 | E22: Derived results
A23: S7g_exposure_selection | B23: S7 | C23: Outcome-specific exposure-selection audit for the full54 analysis. | D23: =COUNTA(S7g_exposure_selection!A2:A7) -> 6 | E23: Derived results
A24: S8_overlap_scenarios | B24: S8 | C24: All 360 explicit sample-overlap bias scenarios using worst-toward-null shifts. | D24: =COUNTA(S8_overlap_scenarios!A2:A361) -> 360 | E24: Derived results
A25: S8b_overlap_summary | B25: S8 | C25: Scenario-level summary by layer, instrument-strength choice, and observational-association assumption. | D25: =COUNTA(S8b_overlap_summary!A2:A73) -> 72 | E25: Derived results
A26: S9a_coloc_early400 | B26: S9 | C26: All 400 early AMD layer-window colocalization tests under the specified single-causal-variant model. | D26: =COUNTA(S9a_coloc_early400!A2:A401) -> 400 | E26: OCT; Winkler early AMD
A27: S9b_coloc_H4_13 | B27: S9 | C27: Thirteen PP.H4>0.9 tests with distinct-window and connected-interval identifiers. | D27: =COUNTA(S9b_coloc_H4_13!A2:A14) -> 13 | E27: Derived results
A28: S9c_connected_intervals | B28: S9 | C28: Eight connected intervals formed by cross-layer overlap of high-support windows. | D28: =COUNTA(S9c_connected_intervals!A2:A9) -> 8 | E28: Derived results
A29: S9d_specificity_H4 | B29: S9 | C29: Specificity-panel windows with PP.H4>0.5. | D29: =COUNTA(S9d_specificity_H4!A2:A40) -> 39 | E29: OCT; specificity GWAS
A30: S9e_specificity_counts | B30: S9 | C30: Descriptive specificity-panel colocalization counts by disease. | D30: =COUNTA(S9e_specificity_counts!A2:A11) -> 10 | E30: Derived results
A31: S10a_scDRS_main66 | B31: S10 | C31: Primary 66-test scDRS analysis with within-trait and global66 FDR. | D31: =COUNTA(S10a_scDRS_main66!A2:A67) -> 66 | E31: CELLxGENE; GWAS
A32: S10b_scDRS_parameters | B32: S10 | C32: Parameter sensitivity using top 500, top 2,000, and 10 kb window designs. | D32: =COUNTA(S10b_scDRS_parameters!A2:A199) -> 198 | E32: Derived results
A33: S10c_scDRS_LODO | B33: S10 | C33: Leave-one-donor-out analyses with preprocessing and scoring repeated after each omission. | D33: =COUNTA(S10c_scDRS_LODO!A2:A397) -> 396 | E33: Derived results
A34: S10d_atlas_annotation | B34: S10 | C34: Author and ontology labels, exact cell counts, and one-to-one annotation mapping. | D34: =COUNTA(S10d_atlas_annotation!A2:A7) -> 6 | E34: CELLxGENE
A35: S10e_atlas_donors | B35: S10 | C35: Donor-level cell counts in the verified 19,999-cell mini atlas. | D35: =COUNTA(S10e_atlas_donors!A2:A7) -> 6 | E35: CELLxGENE
A36: S11a_Visium_correlations | B36: S11 | C36: Raw, technically adjusted, and matched-random empirical spatial-correlation results. | D36: =COUNTA(S11a_Visium_correlations!A2:A31) -> 30 | E36: GSE234047
A37: S11b_Visium_panel80 | B37: S11 | C37: Sixteen candidates by five sections with valid aliases, detection, zero-variance, and missing status. | D37: =COUNTA(S11b_Visium_panel80!A2:A81) -> 80 | E37: GSE234047
A38: S11c_Visium_DEScriptive | B38: S11 | C38: Descriptive spot-level expression differences between CNV and control spots; donor and disease are confounded. | D38: =COUNTA(S11c_Visium_DEScriptive!A2:A14) -> 13 | E38: GSE234047
A39: S11d_Visium_sections | B39: S11 | C39: Descriptive section-level expression relative to the unweighted control-section mean. | D39: =COUNTA(S11d_Visium_sections!A2:A66) -> 65 | E39: GSE234047
A40: S11e_random_matching | B40: S11 | C40: Audit of detection-rate and expression matching for the random gene-set null. | D40: =COUNTA(S11e_random_matching!A2:A63) -> 62 | E40: GSE234047
A41: S11f_ENSG_alias_audit | B41: S11 | C41: ENSG00000258311 alias audit and exclusion of the erroneous RP11-762I7.5 assignment. | D41: =COUNTA(S11f_ENSG_alias_audit!A2:A6) -> 5 | E41: Ensembl; GSE234047
A42: S12a_protein_mediation | B42: S12 | C42: Exploratory protein-mediation and GRCh37 coordinate sensitivity, including the non-estimable PDGFB chain. | D42: =COUNTA(S12a_protein_mediation!A2:A3) -> 2 | E42: INTERVAL; GWAS
A43: S12b_protein_steps | B43: S12 | C43: Step A and step B protein analyses, including ERBB3 and the zero-instrument PDGFB step. | D43: =COUNTA(S12b_protein_steps!A2:A6) -> 5 | E43: INTERVAL; GWAS
A44: S12c_pQTL_coordinates | B44: S12 | C44: Protein-instrument coordinate audit. | D44: =COUNTA(S12c_pQTL_coordinates!A2:A8) -> 7 | E44: INTERVAL
A45: S13a_data_sources | B45: S13 | C45: Public data resources, verified identifiers or versions, and source URLs. | D45: =COUNTA(S13a_data_sources!A2:A12) -> 11 | E45: Public sources
A46: S13b_OCT_sample_sizes | B46: S13 | C46: Full streaming audit of variant-specific OCT GWAS sample sizes. | D46: =COUNTA(S13b_OCT_sample_sizes!A2:A10) -> 9 | E46: OCT GWAS
A47: S13c_software | B47: S13 | C47: Software actually used or audited, with no unsupported TwoSampleMR claim. | D47: =COUNTA(S13c_software!A2:A10) -> 9 | E47: Environment
A48: S13d_final_parameters | B48: S13 | C48: Unified final parameters that supersede historical configuration values. | D48: =COUNTA(S13d_final_parameters!A2:A16) -> 15 | E48: Parameters
A49: S13e_analysis_QA | B49: S13 | C49: Completed numerical and file-integrity checks for the returned and consolidated results. | D49: =COUNTA(S13e_analysis_QA!A2:A7) -> 6 | E49: QA

Sheet S1_SMR_42pairs
A1: source_id | B1: disease | C1: probeID | D1: ProbeChr | E1: Gene | F1: Probe_bp | G1: topSNP | H1: topSNP_chr | I1: topSNP_bp | J1: A1 | K1: A2 | L1: Freq | M1: b_GWAS | N1: se_GWAS | O1: p_GWAS | P1: b_eQTL | Q1: se_eQTL | R1: p_eQTL | S1: b_SMR | T1: se_SMR | U1: p_SMR | V1: p_HEIDI | W1: nsnp_HEIDI | X1: n_tests_within_disease | Y1: pass_within_bonferroni | Z1: pass_HEIDI_0_01 | AA1: pass_HEIDI_0_05 | AB1: legacy42_selected | AC1: p_Bonferroni_global2354 | AD1: q_BH_global2354 | AE1: pass_global_Bonferroni | AF1: pass_global_BH | AG1: symbol_legacy42_annotation | AH1: second_stage_scope | AI1: global_Bonferroni_retained_HEIDI_0_01 | AJ1: global_Bonferroni_retained_HEIDI_0_05 | AK1: HEIDI_0_01_to_0_05
A2: eQTLGen + six disease GWAS | B2: iamdgc_lateamd | C2: ENSG00000177888 | D2: 1 | E2: ENSG00000177888 | F2: 197148622 | G2: rs6671696 | H2: 1 | I2: 197083196 | J2: T | K2: C | L2: 0.0889571 | M2: -0.627876 | N2: 0.0336489 | O2: 5.85464e-81 | P2: -0.123122 | Q2: 0.0208335 | R2: 3.425199e-09 | S2: 5.09963 | T2: 0.905155 | U2: 1.760938e-08 | V2: 0.02637387 | W2: 19 | X2: 409 | Y2: =TRUE() -> TRUE | Z2: =TRUE() -> TRUE | AA2: =FALSE() -> FALSE | AB2: =TRUE() -> 1 | AC2: 4.1452481e-05 | AD2: 4.5552176e-07 | AE2: =TRUE() -> TRUE | AF2: =TRUE() -> TRUE | AG2: ZBTB41 | AH2: Global correction covers 2354 disease-probe tests entering SMR Select; it does not correct the preceding region-selection stage. | AI2: Yes | AJ2: No | AK2: Yes
A3: eQTLGen + six disease GWAS | B3: iamdgc_lateamd | C3: ENSG00000204427 | D3: 6 | E3: ENSG00000204427 | F3: 31662973 | G3: rs150043706 | H3: 6 | I3: 31578465 | J3: A | K3: G | L3: 0.0184049 | M3: -0.492851 | N3: 0.0749458 | O3: 2.5142e-11 | P3: 0.332273 | Q3: 0.0567639 | R3: 4.810398e-09 | S3: -1.48327 | T3: 0.33924 | U3: 1.229249e-05 | V3: 0.04442672 | W3: 5 | X3: 409 | Y3: =TRUE() -> TRUE | Z3: =TRUE() -> TRUE | AA3: =FALSE() -> FALSE | AB3: =TRUE() -> 1 | AC3: 0.028936521 | AD3: 0.00019420484 | AE3: =TRUE() -> TRUE | AF3: =TRUE() -> TRUE | AG3: ABHD16A | AH3: Global correction covers 2354 disease-probe tests entering SMR Select; it does not correct the preceding region-selection stage. | AI3: Yes | AJ3: No | AK3: Yes
A4: eQTLGen + six disease GWAS | B4: iamdgc_lateamd | C4: ENSG00000223534 | D4: 6 | E4: ENSG00000223534 | F4: 32628081 | G4: rs1049225 | H4: 6 | I4: 32627747 | J4: A | K4: G | L4: 0.211656 | M4: -0.170138 | N4: 0.0214328 | O4: 1.88452e-15 | P4: 1.01813 | Q4: 0.0189842 | R4: 0 | S4: -0.167108 | T4: 0.0212805 | U4: 4.073339e-15 | V4: 0.02001716 | W4: 20 | X4: 409 | Y4: =TRUE() -> TRUE | Z4: =TRUE() -> TRUE | AA4: =FALSE() -> FALSE | AB4: =TRUE() -> 1 | AC4: 9.58864e-12 | AD4: 2.7396114e-13 | AE4: =TRUE() -> TRUE | AF4: =TRUE() -> TRUE | AG4: HLA-DQB1-AS1 | AH4: Global correction covers 2354 disease-probe tests entering SMR Select; it does not correct the preceding region-selection stage. | AI4: Yes | AJ4: No | AK4: Yes
A5: eQTLGen + six disease GWAS | B5: iamdgc_lateamd | C5: ENSG00000166997 | D5: 7 | E5: ENSG00000166997 | F5: 99720185 | G5: rs77686669 | H5: 7 | I5: 99744572 | J5: C | K5: T | L5: 0.283231 | M5: 0.0848695 | N5: 0.0200721 | O5: 2.35169e-05 | P5: -0.302547 | Q5: 0.00877516 | R5: 1.731915e-260 | S5: -0.280516 | T5: 0.0668407 | U5: 2.70724e-05 | V5: 0.01131692 | W5: 20 | X5: 409 | Y5: =TRUE() -> TRUE | Z5: =TRUE() -> TRUE | AA5: =FALSE() -> FALSE | AB5: =TRUE() -> 1 | AC5: 0.06372843 | AD5: 0.00041115116 | AE5: =FALSE() -> FALSE | AF5: =TRUE() -> TRUE | AG5: CNPY4 | AH5: Global correction covers 2354 disease-probe tests entering SMR Select; it does not correct the preceding region-selection stage. | AI5: No | AJ5: No | AK5: Yes
A6: eQTLGen + six disease GWAS | B6: iamdgc_lateamd | C6: ENSG00000066923 | D6: 7 | E6: ENSG00000066923 | F6: 99797148 | G6: rs7786505 | H6: 7 | I6: 99817585 | J6: T | K6: G | L6: 0.232106 | M6: 0.125218 | N6: 0.0215867 | O6: 6.5731e-09 | P6: -0.488035 | Q6: 0.00932571 | R6: 0 | S6: -0.256576 | T6: 0.0445028 | U6: 8.146842e-09 | V6: 0.111319 | W6: 20 | X6: 409 | Y6: =TRUE() -> TRUE | Z6: =TRUE() -> TRUE | AA6: =TRUE() -> TRUE | AB6: =TRUE() -> 1 | AC6: 1.9177666e-05 | AD6: 2.2830555e-07 | AE6: =TRUE() -> TRUE | AF6: =TRUE() -> TRUE | AG6: STAG3 | AH6: Global correction covers 2354 disease-probe tests entering SMR Select; it does not correct the preceding region-selection stage. | AI6: Yes | AJ6: Yes | AK6: No
A7: eQTLGen + six disease GWAS | B7: iamdgc_lateamd | C7: ENSG00000078319 | D7: 7 | E7: ENSG00000078319 | F7: 99929073 | G7: rs6979910 | H7: 7 | I7: 99940630 | J7: C | K7: A | L7: 0.180982 | M7: 0.136838 | N7: 0.0226378 | O7: 1.47846e-09 | P7: -0.143261 | Q7: 0.0118696 | R7: 1.528791e-33 | S7: -0.955163 | T7: 0.176727 | U7: 6.489993e-08 | V7: 0.04027323 | W7: 20 | X7: 409 | Y7: =TRUE() -> TRUE | Z7: =TRUE() -> TRUE | AA7: =FALSE() -> FALSE | AB7: =TRUE() -> 1 | AC7: 0.00015277444 | AD7: 1.6081519e-06 | AE7: =TRUE() -> TRUE | AF7: =TRUE() -> TRUE | AG7: PMS2P1 | AH7: Global correction covers 2354 disease-probe tests entering SMR Select; it does not correct the preceding region-selection stage. | AI7: Yes | AJ7: No | AK7: Yes
A8: eQTLGen + six disease GWAS | B8: iamdgc_lateamd | C8: ENSG00000121716 | D8: 7 | E8: ENSG00000121716 | F8: 99949578 | G8: rs6955367 | H8: 7 | I8: 99961194 | J8: G | K8: A | L8: 0.180982 | M8: 0.137724 | N8: 0.0227045 | O8: 1.29458e-09 | P8: 1.02405 | Q8: 0.00855318 | R8: 0 | S8: 0.13449 | T8: 0.0221998 | U8: 1.376843e-09 | V8: 0.1433701 | W8: 20 | X8: 409 | Y8: =TRUE() -> TRUE | Z8: =TRUE() -> TRUE | AA8: =TRUE() -> TRUE | AB8: =TRUE() -> 1 | AC8: 3.2410884e-06 | AD8: 4.6972296e-08 | AE8: =TRUE() -> TRUE | AF8: =TRUE() -> TRUE | AG8: PILRB | AH8: Global correction covers 2354 disease-probe tests entering SMR Select; it does not correct the preceding region-selection stage. | AI8: Yes | AJ8: Yes | AK8: No
A9: eQTLGen + six disease GWAS | B9: iamdgc_lateamd | C9: ENSG00000078487 | D9: 7 | E9: ENSG00000078487 | F9: 100012532 | G9: rs35111986 | H9: 7 | I9: 100000274 | J9: A | K9: C | L9: 0.197342 | M9: 0.141079 | N9: 0.0225005 | O9: 3.54079e-10 | P9: -0.264006 | Q9: 0.0100468 | R9: 3.449447e-152 | S9: -0.534378 | T9: 0.0876197 | U9: 1.068485e-09 | V9: 0.04295994 | W9: 20 | X9: 409 | Y9: =TRUE() -> TRUE | Z9: =TRUE() -> TRUE | AA9: =FALSE() -> FALSE | AB9: =TRUE() -> 1 | AC9: 2.5152137e-06 | AD9: 3.7540503e-08 | AE9: =TRUE() -> TRUE | AF9: =TRUE() -> TRUE | AG9: ZCWPW1 | AH9: Global correction covers 2354 disease-probe tests entering SMR Select; it does not correct the preceding region-selection stage. | AI9: Yes | AJ9: No | AK9: Yes
A10: eQTLGen + six disease GWAS | B10: iamdgc_lateamd | C10: ENSG00000146834 | D10: 7 | E10: ENSG00000146834 | F10: 100029077 | G10: rs67471932 | H10: 7 | I10: 100009985 | J10: G | K10: C | L10: 0.197342 | M10: 0.138412 | N10: 0.0224085 | O10: 6.42614e-10 | P10: -0.301183 | Q10: 0.0100063 | R10: 4.948665e-199 | S10: -0.459561 | T10: 0.075952 | U10: 1.442418e-09 | V10: 0.03288505 | W10: 20 | X10: 409 | Y10: =TRUE() -> TRUE | Z10: =TRUE() -> TRUE | AA10: =FALSE() -> FALSE | AB10: =TRUE() -> 1 | AC10: 3.395452e-06 | AD10: 4.8506457e-08 | AE10: =TRUE() -> TRUE | AF10: =TRUE() -> TRUE | AG10: MEPCE | AH10: Global correction covers 2354 disease-probe tests entering SMR Select; it does not correct the preceding region-selection stage. | AI10: Yes | AJ10: No | AK10: Yes
A11: eQTLGen + six disease GWAS | B11: iamdgc_lateamd | C11: ENSG00000160813 | D11: 7 | E11: ENSG00000160813 | F11: 100033546 | G11: rs11766752 | H11: 7 | I11: 100073292 | J11: G | K11: A | L11: 0.200409 | M11: 0.13778 | N11: 0.0224127 | O11: 7.73232e-10 | P11: -0.0933557 | Q11: 0.0112298 | R11: 9.315502e-17 | S11: -1.47586 | T11: 0.298589 | U11: 7.701511e-07 | V11: 0.2394734 | W11: 20 | X11: 409 | Y11: =TRUE() -> TRUE | Z11: =TRUE() -> TRUE | AA11: =TRUE() -> TRUE | AB11: =TRUE() -> 1 | AC11: 0.0018129357 | AD11: 1.5495177e-05 | AE11: =TRUE() -> TRUE | AF11: =TRUE() -> TRUE | AG11: PPP1R35 | AH11: Global correction covers 2354 disease-probe tests entering SMR Select; it does not correct the preceding region-selection stage. | AI11: Yes | AJ11: Yes | AK11: No
A12: eQTLGen + six disease GWAS | B12: iamdgc_lateamd | C12: ENSG00000246582 | D12: 8 | E12: ENSG00000246582 | F12: 23085211 | G12: rs13254617 | H12: 8 | I12: 23083836 | J12: C | K12: A | L12: 0.456033 | M12: -0.0994794 | N12: 0.0183451 | O12: 5.78895e-08 | P12: 0.616784 | Q12: 0.00856399 | R12: 0 | S12: -0.161287 | T12: 0.0298273 | U12: 6.395943e-08 | V12: 0.3020951 | W12: 20 | X12: 409 | Y12: =TRUE() -> TRUE | Z12: =TRUE() -> TRUE | AA12: =TRUE() -> TRUE | AB12: =TRUE() -> 1 | AC12: 0.0001505605 | AD12: 1.6017074e-06 | AE12: =TRUE() -> TRUE | AF12: =TRUE() -> TRUE | AG12: TNFRSF10A-DT | AH12: Global correction covers 2354 disease-probe tests entering SMR Select; it does not correct the preceding region-selection stage. | AI12: Yes | AJ12: Yes | AK12: No
A13: eQTLGen + six disease GWAS | B13: iamdgc_lateamd | C13: ENSG00000258311 | D13: 12 | E13: ENSG00000258311 | F13: 56114153 | G13: rs3138141 | H13: 12 | I13: 56115778 | J13: A | K13: C | L13: 0.188139 | M13: 0.160869 | N13: 0.0233601 | O13: 5.55392e-12 | P13: -0.757498 | Q13: 0.0101145 | R13: 0 | S13: -0.212369 | T13: 0.0309686 | U13: 7.004858e-12 | V13: 0.9132134 | W13: 20 | X13: 409 | Y13: =TRUE() -> TRUE | Z13: =TRUE() -> TRUE | AA13: =TRUE() -> TRUE | AB13: =TRUE() -> 1 | AC13: 1.6489436e-08 | AD13: 3.1710453e-10 | AE13: =TRUE() -> TRUE | AF13: =TRUE() -> TRUE | AG13: ENSG00000258311 | AH13: Global correction covers 2354 disease-probe tests entering SMR Select; it does not correct the preceding region-selection stage. | AI13: Yes | AJ13: Yes | AK13: No
A14: eQTLGen + six disease GWAS | B14: iamdgc_lateamd | C14: ENSG00000135437 | D14: 12 | E14: ENSG00000135437 | F14: 56116320 | G14: rs56108400 | H14: 12 | I14: 56213297 | J14: T | K14: G | L14: 0.189162 | M14: 0.144781 | N14: 0.0233733 | O14: 5.73667e-10 | P14: -0.770536 | Q14: 0.0192782 | R14: 0 | S14: -0.187897 | T14: 0.0306959 | U14: 9.286315e-10 | V14: 0.2586731 | W14: 20 | X14: 409 | Y14: =TRUE() -> TRUE | Z14: =TRUE() -> TRUE | AA14: =TRUE() -> TRUE | AB14: =TRUE() -> 1 | AC14: 2.1859986e-06 | AD14: 3.312119e-08 | AE14: =TRUE() -> TRUE | AF14: =TRUE() -> TRUE | AG14: RDH5 | AH14: Global correction covers 2354 disease-probe tests entering SMR Select; it does not correct the preceding region-selection stage. | AI14: Yes | AJ14: Yes | AK14: No
A15: eQTLGen + six disease GWAS | B15: iamdgc_lateamd | C15: ENSG00000104879 | D15: 19 | E15: ENSG00000104879 | F15: 45817953 | G15: rs386569 | H15: 19 | I15: 45787046 | J15: G | K15: A | L15: 0.321063 | M15: 0.0772493 | N15: 0.0199599 | O15: 0.000108565 | P15: 0.277959 | Q15: 0.00858524 | R15: 5.898597e-230 | S15: 0.277916 | T15: 0.07232 | U15: 0.0001216059 | V15: 0.04046325 | W15: 20 | X15: 409 | Y15: =TRUE() -> TRUE | Z15: =TRUE() -> TRUE | AA15: =FALSE() -> FALSE | AB15: =TRUE() -> 1 | AC15: 0.28626029 | AD15: 0.0015992195 | AE15: =FALSE() -> FALSE | AF15: =TRUE() -> TRUE | AG15: CKM | AH15: Global correction covers 2354 disease-probe tests entering SMR Select; it does not correct the preceding region-selection stage. | AI15: No | AJ15: No | AK15: Yes
A16: eQTLGen + six disease GWAS | B16: finngen_WET_AMD | C16: ENSG00000204427 | D16: 6 | E16: ENSG00000204427 | F16: 31662973 | G16: rs150043706 | H16: 6 | I16: 31578465 | J16: A | K16: G | L16: 0.0184049 | M16: -0.462004 | N16: 0.0524578 | O16: 1.28351e-18 | P16: 0.332273 | Q16: 0.0567639 | R16: 4.810398e-09 | S16: -1.39043 | T16: 0.285215 | U16: 1.087849e-06 | V16: 0.1944563 | W16: 5 | X16: 409 | Y16: =TRUE() -> TRUE | Z16: =TRUE() -> TRUE | AA16: =TRUE() -> TRUE | AB16: =TRUE() -> 1 | AC16: 0.0025607965 | AD16: 2.1339971e-05 | AE16: =TRUE() -> TRUE | AF16: =TRUE() -> TRUE | AG16: ABHD16A | AH16: Global correction covers 2354 disease-probe tests entering SMR Select; it does not correct the preceding region-selection stage. | AI16: Yes | AJ16: Yes | AK16: No
A17: eQTLGen + six disease GWAS | B17: finngen_WET_AMD | C17: ENSG00000223534 | D17: 6 | E17: ENSG00000223534 | F17: 32628081 | G17: rs1049225 | H17: 6 | I17: 32627747 | J17: A | K17: G | L17: 0.211656 | M17: -0.157641 | N17: 0.021046 | O17: 6.87227e-14 | P17: 1.01813 | Q17: 0.0189842 | R17: 0 | S17: -0.154834 | T17: 0.0208718 | U17: 1.186294e-13 | V17: 0.02980758 | W17: 20 | X17: 409 | Y17: =TRUE() -> TRUE | Z17: =TRUE() -> TRUE | AA17: =FALSE() -> FALSE | AB17: =TRUE() -> 1 | AC17: 2.7925361e-10 | AD17: 6.3466729e-12 | AE17: =TRUE() -> TRUE | AF17: =TRUE() -> TRUE | AG17: HLA-DQB1-AS1 | AH17: Global correction covers 2354 disease-probe tests entering SMR Select; it does not correct the preceding region-selection stage. | AI17: Yes | AJ17: No | AK17: Yes
A18: eQTLGen + six disease GWAS | B18: finngen_WET_AMD | C18: ENSG00000242294 | D18: 7 | E18: ENSG00000242294 | F18: 99936349 | G18: rs7799894 | H18: 7 | I18: 99950427 | J18: T | K18: G | L18: 0.179959 | M18: 0.0881359 | N18: 0.0219032 | O18: 5.72453e-05 | P18: 0.270438 | Q18: 0.0161033 | R18: 2.700241e-63 | S18: 0.3259 | T18: 0.0832839 | U18: 9.110938e-05 | V18: 0.0913346 | W18: 20 | X18: 409 | Y18: =TRUE() -> TRUE | Z18: =TRUE() -> TRUE | AA18: =TRUE() -> TRUE | AB18: =TRUE() -> 1 | AC18: 0.21447148 | AD18: 0.001218588 | AE18: =FALSE() -> FALSE | AF18: =TRUE() -> TRUE | AG18: STAG3L5P | AH18: Global correction covers 2354 disease-probe tests entering SMR Select; it does not correct the preceding region-selection stage. | AI18: No | AJ18: No | AK18: No
A19: eQTLGen + six disease GWAS | B19: finngen_WET_AMD | C19: ENSG00000121716 | D19: 7 | E19: ENSG00000121716 | F19: 99949578 | G19: rs6955367 | H19: 7 | I19: 99961194 | J19: G | K19: A | L19: 0.180982 | M19: 0.0878728 | N19: 0.0218997 | O19: 6.00745e-05 | P19: 1.02405 | Q19: 0.00855318 | R19: 0 | S19: 0.0858095 | T19: 0.0213975 | U19: 6.06519e-05 | V19: 0.2345667 | W19: 20 | X19: 409 | Y19: =TRUE() -> TRUE | Z19: =TRUE() -> TRUE | AA19: =TRUE() -> TRUE | AB19: =TRUE() -> 1 | AC19: 0.14277457 | AD19: 0.00085493756 | AE19: =FALSE() -> FALSE | AF19: =TRUE() -> TRUE | AG19: PILRB | AH19: Global correction covers 2354 disease-probe tests entering SMR Select; it does not correct the preceding region-selection stage. | AI19: No | AJ19: No | AK19: No
A20: eQTLGen + six disease GWAS | B20: finngen_WET_AMD | C20: ENSG00000078487 | D20: 7 | E20: ENSG00000078487 | F20: 100012532 | G20: rs35111986 | H20: 7 | I20: 100000274 | J20: A | K20: C | L20: 0.197342 | M20: 0.0865902 | N20: 0.0213739 | O20: 5.0953e-05 | P20: -0.264006 | Q20: 0.0100468 | R20: 3.449447e-152 | S20: -0.327985 | T20: 0.0819163 | U20: 6.230442e-05 | V20: 0.06183538 | W20: 20 | X20: 409 | Y20: =TRUE() -> TRUE | Z20: =TRUE() -> TRUE | AA20: =TRUE() -> TRUE | AB20: =TRUE() -> 1 | AC20: 0.1466646 | AD20: 0.0008678379 | AE20: =FALSE() -> FALSE | AF20: =TRUE() -> TRUE | AG20: ZCWPW1 | AH20: Global correction covers 2354 disease-probe tests entering SMR Select; it does not correct the preceding region-selection stage. | AI20: No | AJ20: No | AK20: No
A21: eQTLGen + six disease GWAS | B21: finngen_WET_AMD | C21: ENSG00000146834 | D21: 7 | E21: ENSG00000146834 | F21: 100029077 | G21: rs67471932 | H21: 7 | I21: 100009985 | J21: G | K21: C | L21: 0.197342 | M21: 0.0863224 | N21: 0.0213787 | O21: 5.39598e-05 | P21: -0.301183 | Q21: 0.0100063 | R21: 4.948665e-199 | S21: -0.286611 | T21: 0.0716182 | U21: 6.282855e-05 | V21: 0.09229015 | W21: 20 | X21: 409 | Y21: =TRUE() -> TRUE | Z21: =TRUE() -> TRUE | AA21: =TRUE() -> TRUE | AB21: =TRUE() -> 1 | AC21: 0.14789841 | AD21: 0.00086999063 | AE21: =FALSE() -> FALSE | AF21: =TRUE() -> TRUE | AG21: MEPCE | AH21: Global correction covers 2354 disease-probe tests entering SMR Select; it does not correct the preceding region-selection stage. | AI21: No | AJ21: No | AK21: No
A22: eQTLGen + six disease GWAS | B22: finngen_WET_AMD | C22: ENSG00000107669 | D22: 10 | E22: ENSG00000107669 | F22: 123594127 | G22: rs17102809 | H22: 10 | I22: 123728523 | J22: C | K22: A | L22: 0.0746421 | M22: 0.197332 | N22: 0.026332 | O22: 6.6819e-14 | P22: 0.176808 | Q22: 0.0141345 | R22: 6.665824e-36 | S22: 1.11608 | T22: 0.17361 | U22: 1.287548e-10 | V22: 0.09100835 | W22: 20 | X22: 409 | Y22: =TRUE() -> TRUE | Z22: =TRUE() -> TRUE | AA22: =TRUE() -> TRUE | AB22: =TRUE() -> 1 | AC22: 3.030888e-07 | AD22: 4.8109333e-09 | AE22: =TRUE() -> TRUE | AF22: =TRUE() -> TRUE | AG22: ATE1 | AH22: Global correction covers 2354 disease-probe tests entering SMR Select; it does not correct the preceding region-selection stage. | AI22: Yes | AJ22: Yes | AK22: No
A23: eQTLGen + six disease GWAS | B23: finngen_WET_AMD | C23: ENSG00000095574 | D23: 10 | E23: ENSG00000095574 | F23: 124759327 | G23: rs41291346 | H23: 10 | I23: 124813127 | J23: T | K23: C | L23: 0.0286299 | M23: 0.275048 | N23: 0.0584265 | O23: 2.50651e-06 | P23: -0.19231 | Q23: 0.0245512 | R23: 4.763605e-15 | S23: -1.43024 | T23: 0.354462 | U23: 5.461305e-05 | V23: 0.02182973 | W23: 12 | X23: 409 | Y23: =TRUE() -> TRUE | Z23: =TRUE() -> TRUE | AA23: =FALSE() -> FALSE | AB23: =TRUE() -> 1 | AC23: 0.12855912 | AD23: 0.00078389707 | AE23: =FALSE() -> FALSE | AF23: =TRUE() -> TRUE | AG23: IKZF5 | AH23: Global correction covers 2354 disease-probe tests entering SMR Select; it does not correct the preceding region-selection stage. | AI23: No | AJ23: No | AK23: Yes
A24: eQTLGen + six disease GWAS | B24: finngen_WET_AMD | C24: ENSG00000258311 | D24: 12 | E24: ENSG00000258311 | F24: 56114153 | G24: rs3138141 | H24: 12 | I24: 56115778 | J24: A | K24: C | L24: 0.188139 | M24: 0.110685 | N24: 0.0239036 | O24: 3.64821e-06 | P24: -0.757498 | Q24: 0.0101145 | R24: 0 | S24: -0.146119 | T24: 0.0316163 | U24: 3.807022e-06 | V24: 0.04865361 | W24: 20 | X24: 409 | Y24: =TRUE() -> TRUE | Z24: =TRUE() -> TRUE | AA24: =FALSE() -> FALSE | AB24: =TRUE() -> 1 | AC24: 0.0089617298 | AD24: 6.6878581e-05 | AE24: =TRUE() -> TRUE | AF24: =TRUE() -> TRUE | AG24: ENSG00000258311 | AH24: Global correction covers 2354 disease-probe tests entering SMR Select; it does not correct the preceding region-selection stage. | AI24: Yes | AJ24: No | AK24: Yes
A25: eQTLGen + six disease GWAS | B25: finngen_DRY_AMD | C25: ENSG00000204427 | D25: 6 | E25: ENSG00000204427 | F25: 31662973 | G25: rs150043706 | H25: 6 | I25: 31578465 | J25: A | K25: G | L25: 0.0184049 | M25: -0.389229 | N25: 0.0460882 | O25: 3.03249e-17 | P25: 0.332273 | Q25: 0.0567639 | R25: 4.810398e-09 | S25: -1.17141 | T25: 0.243489 | U25: 1.502082e-06 | V25: 0.1425249 | W25: 5 | X25: 409 | Y25: =TRUE() -> TRUE | Z25: =TRUE() -> TRUE | AA25: =TRUE() -> TRUE | AB25: =TRUE() -> 1 | AC25: 0.003535901 | AD25: 2.8982795e-05 | AE25: =TRUE() -> TRUE | AF25: =TRUE() -> TRUE | AG25: ABHD16A | AH25: Global correction covers 2354 disease-probe tests entering SMR Select; it does not correct the preceding region-selection stage. | AI25: Yes | AJ25: Yes | AK25: No
A26: eQTLGen + six disease GWAS | B26: finngen_DRY_AMD | C26: ENSG00000168477 | D26: 6 | E26: ENSG00000168477 | F26: 32046021 | G26: rs2269426 | H26: 6 | I26: 32076499 | J26: A | K26: G | L26: 0.41002 | M26: 0.0832649 | N26: 0.016326 | O26: 3.39399e-07 | P26: 0.434818 | Q26: 0.0181727 | R26: 1.603994e-126 | S26: 0.191494 | T26: 0.0383902 | U26: 6.098122e-07 | V26: 0.01684781 | W26: 20 | X26: 409 | Y26: =TRUE() -> TRUE | Z26: =TRUE() -> TRUE | AA26: =FALSE() -> FALSE | AB26: =TRUE() -> 1 | AC26: 0.0014354979 | AD26: 1.2932414e-05 | AE26: =TRUE() -> TRUE | AF26: =TRUE() -> TRUE | AG26: TNXB | AH26: Global correction covers 2354 disease-probe tests entering SMR Select; it does not correct the preceding region-selection stage. | AI26: Yes | AJ26: No | AK26: Yes
A27: eQTLGen + six disease GWAS | B27: finngen_DRY_AMD | C27: ENSG00000107669 | D27: 10 | E27: ENSG00000107669 | F27: 123594127 | G27: rs17102809 | H27: 10 | I27: 123728523 | J27: C | K27: A | L27: 0.0746421 | M27: 0.132195 | N27: 0.023856 | O27: 3.0013e-08 | P27: 0.176808 | Q27: 0.0141345 | R27: 6.665824e-36 | S27: 0.747674 | T27: 0.147572 | U27: 4.051962e-07 | V27: 0.1742341 | W27: 20 | X27: 409 | Y27: =TRUE() -> TRUE | Z27: =TRUE() -> TRUE | AA27: =TRUE() -> TRUE | AB27: =TRUE() -> 1 | AC27: 0.00095383185 | AD27: 8.9143164e-06 | AE27: =TRUE() -> TRUE | AF27: =TRUE() -> TRUE | AG27: ATE1 | AH27: Global correction covers 2354 disease-probe tests entering SMR Select; it does not correct the preceding region-selection stage. | AI27: Yes | AJ27: Yes | AK27: No
A28: eQTLGen + six disease GWAS | B28: finngen_DRY_AMD | C28: ENSG00000095574 | D28: 10 | E28: ENSG00000095574 | F28: 124759327 | G28: rs41291346 | H28: 10 | I28: 124813127 | J28: T | K28: C | L28: 0.0286299 | M28: 0.283451 | N28: 0.0521737 | O28: 5.54651e-08 | P28: -0.19231 | Q28: 0.0245512 | R28: 4.763605e-15 | S28: -1.47393 | T28: 0.330169 | U28: 8.038059e-06 | V28: 0.0258079 | W28: 12 | X28: 409 | Y28: =TRUE() -> TRUE | Z28: =TRUE() -> TRUE | AA28: =FALSE() -> FALSE | AB28: =TRUE() -> 1 | AC28: 0.018921591 | AD28: 0.00013059411 | AE28: =TRUE() -> TRUE | AF28: =TRUE() -> TRUE | AG28: IKZF5 | AH28: Global correction covers 2354 disease-probe tests entering SMR Select; it does not correct the preceding region-selection stage. | AI28: Yes | AJ28: No | AK28: Yes
A29: eQTLGen + six disease GWAS | B29: finngen_DM_MACULOPATHY | C29: ENSG00000204421 | D29: 6 | E29: ENSG00000204421 | F29: 31688023 | G29: rs3117572 | H29: 6 | I29: 31717692 | J29: A | K29: G | L29: 0.154397 | M29: -0.229691 | N29: 0.0311048 | O29: 1.53109e-13 | P29: 0.112507 | Q29: 0.0183901 | R29: 9.487579e-10 | S29: -2.04157 | T29: 0.433356 | U29: 2.464264e-06 | V29: 0.02145565 | W29: 20 | X29: 409 | Y29: =TRUE() -> TRUE | Z29: =TRUE() -> TRUE | AA29: =FALSE() -> FALSE | AB29: =TRUE() -> 1 | AC29: 0.0058008775 | AD29: 4.3946041e-05 | AE29: =TRUE() -> TRUE | AF29: =TRUE() -> TRUE | AG29: LY6G6C | AH29: Global correction covers 2354 disease-probe tests entering SMR Select; it does not correct the preceding region-selection stage. | AI29: Yes | AJ29: No | AK29: Yes
A30: eQTLGen + six disease GWAS | B30: finngen_DM_MACULOPATHY | C30: ENSG00000204371 | D30: 6 | E30: ENSG00000204371 | F30: 31856500 | G30: rs3020644 | H30: 6 | I30: 31894626 | J30: G | K30: A | L30: 0.391616 | M30: 0.178804 | N30: 0.022123 | O30: 6.3577e-16 | P30: -0.0882345 | Q30: 0.0123664 | R30: 9.678692e-13 | S30: -2.02646 | T30: 0.378855 | U30: 8.848301e-08 | V30: 0.1307901 | W30: 20 | X30: 409 | Y30: =TRUE() -> TRUE | Z30: =TRUE() -> TRUE | AA30: =TRUE() -> TRUE | AB30: =TRUE() -> 1 | AC30: 0.00020828901 | AD30: 2.1473093e-06 | AE30: =TRUE() -> TRUE | AF30: =TRUE() -> TRUE | AG30: EHMT2 | AH30: Global correction covers 2354 disease-probe tests entering SMR Select; it does not correct the preceding region-selection stage. | AI30: Yes | AJ30: Yes | AK30: No
A31: eQTLGen + six disease GWAS | B31: finngen_DM_MACULOPATHY | C31: ENSG00000135414 | D31: 12 | E31: ENSG00000135414 | F31: 56143987 | G31: rs7302200 | H31: 12 | I31: 56449435 | J31: A | K31: G | L31: 0.328221 | M31: 0.106881 | N31: 0.0235188 | O31: 5.50681e-06 | P31: -0.0674603 | Q31: 0.00861715 | R31: 4.933293e-15 | S31: -1.58435 | T31: 0.403115 | U31: 8.484821e-05 | V31: 0.4203344 | W31: 19 | X31: 409 | Y31: =TRUE() -> TRUE | Z31: =TRUE() -> TRUE | AA31: =TRUE() -> TRUE | AB31: =TRUE() -> 1 | AC31: 0.19973269 | AD31: 0.001147889 | AE31: =FALSE() -> FALSE | AF31: =TRUE() -> TRUE | AG31: GDF11 | AH31: Global correction covers 2354 disease-probe tests entering SMR Select; it does not correct the preceding region-selection stage. | AI31: No | AJ31: No | AK31: No
A32: eQTLGen + six disease GWAS | B32: finngen_DM_MACULOPATHY | C32: ENSG00000139531 | D32: 12 | E32: ENSG00000139531 | F32: 56395694 | G32: rs1873914 | H32: 12 | I32: 56379427 | J32: C | K32: G | L32: 0.391616 | M32: 0.104598 | N32: 0.0223139 | O32: 2.76478e-06 | P32: -0.336612 | Q32: 0.00796648 | R32: 0 | S32: -0.310738 | T32: 0.0666964 | U32: 3.177665e-06 | V32: 0.07089155 | W32: 20 | X32: 409 | Y32: =TRUE() -> TRUE | Z32: =TRUE() -> TRUE | AA32: =TRUE() -> TRUE | AB32: =TRUE() -> 1 | AC32: 0.0074802234 | AD32: 5.6242281e-05 | AE32: =TRUE() -> TRUE | AF32: =TRUE() -> TRUE | AG32: SUOX | AH32: Global correction covers 2354 disease-probe tests entering SMR Select; it does not correct the preceding region-selection stage. | AI32: Yes | AJ32: Yes | AK32: No
A33: eQTLGen + six disease GWAS | B33: finngen_DM_MACULOPATHY | C33: ENSG00000065361 | D33: 12 | E33: ENSG00000065361 | F33: 56485465 | G33: rs11171739 | H33: 12 | I33: 56470625 | J33: C | K33: T | L33: 0.415133 | M33: 0.0897154 | N33: 0.0219755 | O33: 4.45513e-05 | P33: -0.167927 | Q33: 0.0081462 | R33: 2.046786e-94 | S33: -0.534251 | T33: 0.133405 | U33: 6.208607e-05 | V33: 0.0571794 | W33: 20 | X33: 409 | Y33: =TRUE() -> TRUE | Z33: =TRUE() -> TRUE | AA33: =TRUE() -> TRUE | AB33: =TRUE() -> 1 | AC33: 0.14615061 | AD33: 0.0008678379 | AE33: =FALSE() -> FALSE | AF33: =TRUE() -> TRUE | AG33: ERBB3 | AH33: Global correction covers 2354 disease-probe tests entering SMR Select; it does not correct the preceding region-selection stage. | AI33: No | AJ33: No | AK33: No
A34: eQTLGen + six disease GWAS | B34: finngen_H7_RETIVASCOCCLUSION | C34: ENSG00000100311 | D34: 22 | E34: ENSG00000100311 | F34: 39630060 | G34: rs5757573 | H34: 22 | I34: 39633622 | J34: C | K34: T | L34: 0.379346 | M34: -0.0898722 | N34: 0.0222673 | O34: 5.43576e-05 | P34: -0.356257 | Q34: 0.00866145 | R34: 0 | S34: 0.252268 | T34: 0.0628037 | U34: 5.900128e-05 | V34: 0.7129784 | W34: 20 | X34: 409 | Y34: =TRUE() -> TRUE | Z34: =TRUE() -> TRUE | AA34: =TRUE() -> TRUE | AB34: =TRUE() -> 1 | AC34: 0.13888901 | AD34: 0.0008366808 | AE34: =FALSE() -> FALSE | AF34: =TRUE() -> TRUE | AG34: PDGFB | AH34: Global correction covers 2354 disease-probe tests entering SMR Select; it does not correct the preceding region-selection stage. | AI34: No | AJ34: No | AK34: No
A35: eQTLGen + six disease GWAS | B35: winkler_earlyamd | C35: ENSG00000177888 | D35: 1 | E35: ENSG00000177888 | F35: 197148622 | G35: rs6671696 | H35: 1 | I35: 197083196 | J35: T | K35: C | L35: 0.0889571 | M35: -0.1535 | N35: 0.024 | O35: 1.603e-10 | P35: -0.123122 | Q35: 0.0208335 | R35: 3.425199e-09 | S35: 1.24673 | T35: 0.287231 | U35: 1.42141e-05 | V35: 0.04225988 | W35: 20 | X35: 309 | Y35: =TRUE() -> TRUE | Z35: =TRUE() -> TRUE | AA35: =FALSE() -> FALSE | AB35: =TRUE() -> 1 | AC35: 0.033459991 | AD35: 0.00022158935 | AE35: =TRUE() -> TRUE | AF35: =TRUE() -> TRUE | AG35: ZBTB41 | AH35: Global correction covers 2354 disease-probe tests entering SMR Select; it does not correct the preceding region-selection stage. | AI35: Yes | AJ35: No | AK35: Yes
A36: eQTLGen + six disease GWAS | B36: winkler_earlyamd | C36: ENSG00000204356 | D36: 6 | E36: ENSG00000204356 | F36: 31923375 | G36: rs541862 | H36: 6 | I36: 31916951 | J36: C | K36: T | L36: 0.0879346 | M36: -0.2123 | N36: 0.0245 | O36: 4.629e-18 | P36: -0.462702 | Q36: 0.0298006 | R36: 2.292108e-54 | S36: 0.458826 | T36: 0.0606378 | U36: 3.82909e-14 | V36: 0.08492657 | W36: 20 | X36: 309 | Y36: =TRUE() -> TRUE | Z36: =TRUE() -> TRUE | AA36: =TRUE() -> TRUE | AB36: =TRUE() -> 1 | AC36: 9.0136779e-11 | AD36: 2.198458e-12 | AE36: =TRUE() -> TRUE | AF36: =TRUE() -> TRUE | AG36: NELFE | AH36: Global correction covers 2354 disease-probe tests entering SMR Select; it does not correct the preceding region-selection stage. | AI36: Yes | AJ36: Yes | AK36: No
A37: eQTLGen + six disease GWAS | B37: winkler_earlyamd | C37: ENSG00000168477 | D37: 6 | E37: ENSG00000168477 | F37: 32046021 | G37: rs2269426 | H37: 6 | I37: 32076499 | J37: A | K37: G | L37: 0.41002 | M37: 0.0706 | N37: 0.0144 | O37: 8.948e-07 | P37: 0.434818 | Q37: 0.0181727 | R37: 1.603994e-126 | S37: 0.162367 | T37: 0.0338054 | U37: 1.563179e-06 | V37: 0.04988382 | W37: 20 | X37: 309 | Y37: =TRUE() -> TRUE | Z37: =TRUE() -> TRUE | AA37: =FALSE() -> FALSE | AB37: =TRUE() -> 1 | AC37: 0.0036797234 | AD37: 2.991645e-05 | AE37: =TRUE() -> TRUE | AF37: =TRUE() -> TRUE | AG37: TNXB | AH37: Global correction covers 2354 disease-probe tests entering SMR Select; it does not correct the preceding region-selection stage. | AI37: Yes | AJ37: No | AK37: Yes
A38: eQTLGen + six disease GWAS | B38: winkler_earlyamd | C38: ENSG00000121716 | D38: 7 | E38: ENSG00000121716 | F38: 99949578 | G38: rs6955367 | H38: 7 | I38: 99961194 | J38: G | K38: A | L38: 0.180982 | M38: 0.0679 | N38: 0.0177 | O38: 0.0001256 | P38: 1.02405 | Q38: 0.00855318 | R38: 0 | S38: 0.0663056 | T38: 0.0172933 | U38: 0.0001259784 | V38: 0.8455625 | W38: 20 | X38: 309 | Y38: =TRUE() -> TRUE | Z38: =TRUE() -> TRUE | AA38: =TRUE() -> TRUE | AB38: =TRUE() -> 1 | AC38: 0.29655315 | AD38: 0.0016475175 | AE38: =FALSE() -> FALSE | AF38: =TRUE() -> TRUE | AG38: PILRB | AH38: Global correction covers 2354 disease-probe tests entering SMR Select; it does not correct the preceding region-selection stage. | AI38: No | AJ38: No | AK38: No
A39: eQTLGen + six disease GWAS | B39: winkler_earlyamd | C39: ENSG00000104689 | D39: 8 | E39: ENSG00000104689 | F39: 23065302 | G39: rs73224403 | H39: 8 | I39: 23083488 | J39: T | K39: G | L39: 0.221881 | M39: -0.0684 | N39: 0.0178 | O39: 0.000122 | P39: 0.298427 | Q39: 0.0101817 | R39: 7.734144e-189 | S39: -0.229202 | T39: 0.0601565 | U39: 0.0001389156 | V39: 0.08932724 | W39: 20 | X39: 309 | Y39: =TRUE() -> TRUE | Z39: =TRUE() -> TRUE | AA39: =TRUE() -> TRUE | AB39: =TRUE() -> 1 | AC39: 0.32700732 | AD39: 0.0017967435 | AE39: =FALSE() -> FALSE | AF39: =TRUE() -> TRUE | AG39: TNFRSF10A | AH39: Global correction covers 2354 disease-probe tests entering SMR Select; it does not correct the preceding region-selection stage. | AI39: No | AJ39: No | AK39: No
A40: eQTLGen + six disease GWAS | B40: winkler_earlyamd | C40: ENSG00000246582 | D40: 8 | E40: ENSG00000246582 | F40: 23085211 | G40: rs13254617 | H40: 8 | I40: 23083836 | J40: C | K40: A | L40: 0.456033 | M40: -0.0653 | N40: 0.0146 | O40: 7.593e-06 | P40: 0.616784 | Q40: 0.00856399 | R40: 0 | S40: -0.105872 | T40: 0.0237168 | U40: 8.044242e-06 | V40: 0.01871418 | W40: 20 | X40: 309 | Y40: =TRUE() -> TRUE | Z40: =TRUE() -> TRUE | AA40: =FALSE() -> FALSE | AB40: =TRUE() -> 1 | AC40: 0.018936146 | AD40: 0.00013059411 | AE40: =TRUE() -> TRUE | AF40: =TRUE() -> TRUE | AG40: TNFRSF10A-DT | AH40: Global correction covers 2354 disease-probe tests entering SMR Select; it does not correct the preceding region-selection stage. | AI40: Yes | AJ40: No | AK40: Yes
A41: eQTLGen + six disease GWAS | B41: winkler_earlyamd | C41: ENSG00000166033 | D41: 10 | E41: ENSG00000166033 | F41: 124247732 | G41: rs3019484 | H41: 10 | I41: 124318905 | J41: A | K41: C | L41: 0.316973 | M41: -0.0615 | N41: 0.0155 | O41: 6.93e-05 | P41: -0.243973 | Q41: 0.00892579 | R41: 1.696617e-164 | S41: 0.252077 | T41: 0.0641975 | U41: 8.615939e-05 | V41: 0.01757575 | W41: 20 | X41: 309 | Y41: =TRUE() -> TRUE | Z41: =TRUE() -> TRUE | AA41: =FALSE() -> FALSE | AB41: =TRUE() -> 1 | AC41: 0.2028192 | AD41: 0.0011589669 | AE41: =FALSE() -> FALSE | AF41: =TRUE() -> TRUE | AG41: HTRA1 | AH41: Global correction covers 2354 disease-probe tests entering SMR Select; it does not correct the preceding region-selection stage. | AI41: No | AJ41: No | AK41: Yes
A42: eQTLGen + six disease GWAS | B42: winkler_earlyamd | C42: ENSG00000258311 | D42: 12 | E42: ENSG00000258311 | F42: 56114153 | G42: rs3138141 | H42: 12 | I42: 56115778 | J42: A | K42: C | L42: 0.188139 | M42: 0.0997 | N42: 0.0196 | O42: 3.589e-07 | P42: -0.757498 | Q42: 0.0101145 | R42: 0 | S42: -0.131618 | T42: 0.0259343 | U42: 3.874105e-07 | V42: 0.9694268 | W42: 20 | X42: 309 | Y42: =TRUE() -> TRUE | Z42: =TRUE() -> TRUE | AA42: =TRUE() -> TRUE | AB42: =TRUE() -> 1 | AC42: 0.00091196432 | AD42: 8.603437e-06 | AE42: =TRUE() -> TRUE | AF42: =TRUE() -> TRUE | AG42: ENSG00000258311 | AH42: Global correction covers 2354 disease-probe tests entering SMR Select; it does not correct the preceding region-selection stage. | AI42: Yes | AJ42: Yes | AK42: No
A43: eQTLGen + six disease GWAS | B43: winkler_earlyamd | C43: ENSG00000135437 | D43: 12 | E43: ENSG00000135437 | F43: 56116320 | G43: rs56108400 | H43: 12 | I43: 56213297 | J43: T | K43: G | L43: 0.189162 | M43: 0.0899 | N43: 0.0196 | O43: 4.438e-06 | P43: -0.770536 | Q43: 0.0192782 | R43: 0 | S43: -0.116672 | T43: 0.0256038 | U43: 5.193188e-06 | V43: 0.6145631 | W43: 20 | X43: 309 | Y43: =TRUE() -> TRUE | Z43: =TRUE() -> TRUE | AA43: =TRUE() -> TRUE | AB43: =TRUE() -> 1 | AC43: 0.012224765 | AD43: 8.7319747e-05 | AE43: =TRUE() -> TRUE | AF43: =TRUE() -> TRUE | AG43: RDH5 | AH43: Global correction covers 2354 disease-probe tests entering SMR Select; it does not correct the preceding region-selection stage. | AI43: Yes | AJ43: Yes | AK43: No

Sheet S2_SMR_2354tests
A1: source_id | B1: disease | C1: probeID | D1: ProbeChr | E1: Gene | F1: Probe_bp | G1: topSNP | H1: topSNP_chr | I1: topSNP_bp | J1: A1 | K1: A2 | L1: Freq | M1: b_GWAS | N1: se_GWAS | O1: p_GWAS | P1: b_eQTL | Q1: se_eQTL | R1: p_eQTL | S1: b_SMR | T1: se_SMR | U1: p_SMR | V1: p_HEIDI | W1: nsnp_HEIDI | X1: n_tests_within_disease | Y1: pass_within_bonferroni | Z1: pass_HEIDI_0_01 | AA1: pass_HEIDI_0_05 | AB1: legacy42_selected | AC1: p_Bonferroni_global2354 | AD1: q_BH_global2354 | AE1: pass_global_Bonferroni | AF1: pass_global_BH | AG1: symbol_legacy42_annotation | AH1: second_stage_scope | AI1: retained_global_Bonferroni_HEIDI_0_01 | AJ1: retained_global_Bonferroni_HEIDI_0_05 | AK1: retained_global_BH_HEIDI_0_01
A2: eQTLGen + six disease GWAS | B2: iamdgc_lateamd | C2: ENSG00000007341 | D2: 1 | E2: ENSG00000007341 | F2: 113114793 | G2: rs10745330 | H2: 1 | I2: 113083439 | J2: T | K2: C | L2: 0.480573 | M2: -0.0259706 | N2: 0.0173062 | O2: 0.133446 | P2: 0.474066 | Q2: 0.00748603 | R2: 0 | S2: -0.0547827 | T2: 0.0365161 | U2: 0.1335544 | V2: 0.007709508 | W2: 20 | X2: 409 | Y2: No | Z2: No | AA2: No | AB2: No | AC2: 1 | AD2: 0.40306033 | AE2: No | AF2: No | AH2: Global correction covers 2354 disease-probe tests entering SMR Select; it does not correct the preceding region-selection stage. | AI2: No | AJ2: No | AK2: No
A3: eQTLGen + six disease GWAS | B3: iamdgc_lateamd | C3: ENSG00000116489 | D3: 1 | E3: ENSG00000116489 | F3: 113188018 | G3: rs2932539 | H3: 1 | I3: 113215786 | J3: A | K3: G | L3: 0.246421 | M3: -0.0483137 | N3: 0.0198648 | O3: 0.014983 | P3: 0.0965549 | Q3: 0.0135148 | R3: 9.039006e-13 | S3: -0.500376 | T3: 0.21733 | U3: 0.02131415 | V3: 0.5244411 | W3: 20 | X3: 409 | Y3: No | Z3: Yes | AA3: Yes | AB3: No | AC3: 1 | AD3: 0.12327644 | AE3: No | AF3: No | AH3: Global correction covers 2354 disease-probe tests entering SMR Select; it does not correct the preceding region-selection stage. | AI3: No | AJ3: No | AK3: No
A4: eQTLGen + six disease GWAS | B4: iamdgc_lateamd | C4: ENSG00000238975 | D4: 1 | E4: ENSG00000238975 | F4: 113195260 | G4: rs3790612 | H4: 1 | I4: 113084146 | J4: A | K4: G | L4: 0.248466 | M4: -0.0484273 | N4: 0.019723 | O4: 0.0140491 | P4: 0.13487 | Q4: 0.0223613 | R4: 1.625498e-09 | S4: -0.359067 | T4: 0.157891 | U4: 0.02295718 | V4: 0.5158288 | W4: 18 | X4: 409 | Y4: No | Z4: Yes | AA4: Yes | AB4: No | AC4: 1 | AD4: 0.13116797 | AE4: No | AF4: No | AH4: Global correction covers 2354 disease-probe tests entering SMR Select; it does not correct the preceding region-selection stage. | AI4: No | AJ4: No | AK4: No
A5: eQTLGen + six disease GWAS | B5: iamdgc_lateamd | C5: ENSG00000155363 | D5: 1 | E5: ENSG00000155363 | F5: 113229565 | G5: rs3748655 | H5: 1 | I5: 113217311 | J5: C | K5: G | L5: 0.185072 | M5: 0.0166721 | N5: 0.0233169 | O5: 0.474595 | P5: 0.273768 | Q5: 0.0107385 | R5: 2.28585e-143 | S5: 0.0608986 | T5: 0.0852037 | U5: 0.474769 | V5: 0.3723223 | W5: 20 | X5: 409 | Y5: No | Z5: Yes | AA5: Yes | AB5: No | AC5: 1 | AD5: 0.77513939 | AE5: No | AF5: No | AH5: Global correction covers 2354 disease-probe tests entering SMR Select; it does not correct the preceding region-selection stage. | AI5: No | AJ5: No | AK5: No
A6: eQTLGen + six disease GWAS | B6: iamdgc_lateamd | C6: ENSG00000155366 | D6: 1 | E6: ENSG00000155366 | F6: 113246892 | G6: rs75472514 | H6: 1 | I6: 113243607 | J6: C | K6: A | L6: 0.0398773 | M6: -0.0531265 | N6: 0.0453749 | O6: 0.241666 | P6: 0.515289 | Q6: 0.0208705 | R6: 1.376431e-134 | S6: -0.1031 | T6: 0.0881561 | U6: 0.2421941 | V6: 0.01159441 | W6: 20 | X6: 409 | Y6: No | Z6: Yes | AA6: No | AB6: No | AC6: 1 | AD6: 0.55785216 | AE6: No | AF6: No | AH6: Global correction covers 2354 disease-probe tests entering SMR Select; it does not correct the preceding region-selection stage. | AI6: No | AJ6: No | AK6: No
A7: eQTLGen + six disease GWAS | B7: iamdgc_lateamd | C7: ENSG00000155380 | D7: 1 | E7: ENSG00000155380 | F7: 113477052 | G7: rs7169 | H7: 1 | I7: 113455099 | J7: G | K7: A | L7: 0.436605 | M7: 0.026351 | N7: 0.0174551 | O7: 0.131134 | P7: 0.125393 | Q7: 0.00807102 | R7: 1.973416e-54 | S7: 0.210147 | T7: 0.139859 | U7: 0.1329505 | V7: 0.1073075 | W7: 20 | X7: 409 | Y7: No | Z7: Yes | AA7: Yes | AB7: No | AC7: 1 | AD7: 0.40175286 | AE7: No | AF7: No | AH7: Global correction covers 2354 disease-probe tests entering SMR Select; it does not correct the preceding region-selection stage. | AI7: No | AJ7: No | AK7: No
A8: eQTLGen + six disease GWAS | B8: iamdgc_lateamd | C8: ENSG00000226419 | D8: 1 | E8: ENSG00000226419 | F8: 113521925 | G8: rs6670866 | H8: 1 | I8: 113428827 | J8: A | K8: G | L8: 0.424335 | M8: 0.01303 | N8: 0.0176711 | O8: 0.460901 | P8: 0.120109 | Q8: 0.0193619 | R8: 5.525599e-10 | S8: 0.108484 | T8: 0.148161 | U8: 0.4640418 | V8: 0.2186909 | W8: 13 | X8: 409 | Y8: No | Z8: Yes | AA8: Yes | AB8: No | AC8: 1 | AD8: 0.76980578 | AE8: No | AF8: No | AH8: Global correction covers 2354 disease-probe tests entering SMR Select; it does not correct the preceding region-selection stage. | AI8: No | AJ8: No | AK8: No
A9: eQTLGen + six disease GWAS | B9: iamdgc_lateamd | C9: ENSG00000236066 | D9: 1 | E9: ENSG00000236066 | F9: 113570276 | G9: rs6681552 | H9: 1 | I9: 113434265 | J9: G | K9: A | L9: 0.447853 | M9: 0.0308876 | N9: 0.0175262 | O9: 0.0780064 | P9: 0.100103 | Q9: 0.0175201 | R9: 1.106099e-08 | S9: 0.308559 | T9: 0.183222 | U9: 0.09216738 | V9: 0.4038007 | W9: 15 | X9: 409 | Y9: No | Z9: Yes | AA9: Yes | AB9: No | AC9: 1 | AD9: 0.32022208 | AE9: No | AF9: No | AH9: Global correction covers 2354 disease-probe tests entering SMR Select; it does not correct the preceding region-selection stage. | AI9: No | AJ9: No | AK9: No
A10: eQTLGen + six disease GWAS | B10: iamdgc_lateamd | C10: ENSG00000238198 | D10: 1 | E10: ENSG00000238198 | F10: 113585018 | G10: rs1766862 | H10: 1 | I10: 113615193 | J10: C | K10: T | L10: 0.398773 | M10: -0.00210073 | N10: 0.0179436 | O10: 0.906801 | P10: -0.140789 | Q10: 0.0206635 | R10: 9.531894e-12 | S10: 0.0149211 | T10: 0.127469 | U10: 0.9068151 | V10: 0.3735314 | W10: 20 | X10: 409 | Y10: No | Z10: Yes | AA10: Yes | AB10: No | AC10: 1 | AD10: 0.96155079 | AE10: No | AF10: No | AH10: Global correction covers 2354 disease-probe tests entering SMR Select; it does not correct the preceding region-selection stage. | AI10: No | AJ10: No | AK10: No
A11: eQTLGen + six disease GWAS | B11: iamdgc_lateamd | C11: ENSG00000198799 | D11: 1 | E11: ENSG00000198799 | F11: 113642826 | G11: rs7548091 | H11: 1 | I11: 113672827 | J11: G | K11: A | L11: 0.135992 | M11: 0.00602644 | N11: 0.0247712 | O11: 0.807786 | P11: -0.151314 | Q11: 0.0116982 | R11: 2.863687e-38 | S11: -0.0398275 | T11: 0.163737 | U11: 0.8078186 | V11: 0.7944362 | W11: 20 | X11: 409 | Y11: No | Z11: Yes | AA11: Yes | AB11: No | AC11: 1 | AD11: 0.92756965 | AE11: No | AF11: No | AH11: Global correction covers 2354 disease-probe tests entering SMR Select; it does not correct the preceding region-selection stage. | AI11: No | AJ11: No | AK11: No
A12: eQTLGen + six disease GWAS | B12: iamdgc_lateamd | C12: ENSG00000000971 | D12: 1 | E12: ENSG00000000971 | F12: 196668821 | G12: rs203683 | H12: 1 | I12: 196678432 | J12: G | K12: C | L12: 0.396728 | M12: 0.862097 | N12: 0.0180778 | O12: 0 | P12: -0.102882 | Q12: 0.00808786 | R12: 4.543568e-37 | S12: -8.37944 | T12: 0.681763 | U12: 1.014373e-34 | V12: 4.836476e-10 | W12: 20 | X12: 409 | Y12: Yes | Z12: No | AA12: No | AB12: No | AC12: 2.387834e-31 | AD12: 1.9898617e-32 | AE12: Yes | AF12: Yes | AH12: Global correction covers 2354 disease-probe tests entering SMR Select; it does not correct the preceding region-selection stage. | AI12: No | AJ12: No | AK12: No
A13: eQTLGen + six disease GWAS | B13: iamdgc_lateamd | C13: ENSG00000177888 | D13: 1 | E13: ENSG00000177888 | F13: 197148622 | G13: rs6671696 | H13: 1 | I13: 197083196 | J13: T | K13: C | L13: 0.0889571 | M13: -0.627876 | N13: 0.0336489 | O13: 5.85464e-81 | P13: -0.123122 | Q13: 0.0208335 | R13: 3.425199e-09 | S13: 5.09963 | T13: 0.905155 | U13: 1.760938e-08 | V13: 0.02637387 | W13: 19 | X13: 409 | Y13: Yes | Z13: Yes | AA13: No | AB13: Yes | AC13: 4.1452481e-05 | AD13: 4.5552176e-07 | AE13: Yes | AF13: Yes | AG13: ZBTB41 | AH13: Global correction covers 2354 disease-probe tests entering SMR Select; it does not correct the preceding region-selection stage. | AI13: Yes | AJ13: No | AK13: Yes
A14: eQTLGen + six disease GWAS | B14: iamdgc_lateamd | C14: ENSG00000213047 | D14: 1 | E14: ENSG00000213047 | F14: 197609352 | G14: rs16841912 | H14: 1 | I14: 197702476 | J14: C | K14: G | L14: 0.187117 | M14: 0.0231395 | N14: 0.0212109 | O14: 0.275307 | P14: 0.148702 | Q14: 0.0100149 | R14: 7.167452e-50 | S14: 0.15561 | T14: 0.143025 | U14: 0.2765985 | V14: 1.207851e-14 | W14: 20 | X14: 409 | Y14: No | Z14: No | AA14: No | AB14: No | AC14: 1 | AD14: 0.5996065 | AE14: No | AF14: No | AH14: Global correction covers 2354 disease-probe tests entering SMR Select; it does not correct the preceding region-selection stage. | AI14: No | AJ14: No | AK14: No
A15: eQTLGen + six disease GWAS | B15: iamdgc_lateamd | C15: ENSG00000151414 | D15: 1 | E15: ENSG00000151414 | F15: 198208821 | G15: rs10494768 | H15: 1 | I15: 198252452 | J15: T | K15: G | L15: 0.161554 | M15: -0.0356788 | N15: 0.0249776 | O15: 0.153168 | P15: 0.123583 | Q15: 0.0123826 | R15: 1.857202e-23 | S15: -0.288703 | T15: 0.204171 | U15: 0.1573553 | V15: 0.0182182 | W15: 20 | X15: 409 | Y15: No | Z15: Yes | AA15: No | AB15: No | AC15: 1 | AD15: 0.44255003 | AE15: No | AF15: No | AH15: Global correction covers 2354 disease-probe tests entering SMR Select; it does not correct the preceding region-selection stage. | AI15: No | AJ15: No | AK15: No
A16: eQTLGen + six disease GWAS | B16: iamdgc_lateamd | C16: ENSG00000081237 | D16: 1 | E16: ENSG00000081237 | F16: 198667173 | G16: rs2230606 | H16: 1 | I16: 198676063 | J16: C | K16: A | L16: 0.0143149 | M16: -0.0581011 | N16: 0.0662117 | O16: 0.380212 | P16: 0.28589 | Q16: 0.0366685 | R16: 6.359714e-15 | S16: -0.203229 | T16: 0.233061 | U16: 0.3832087 | V16: 0.01669481 | W16: 19 | X16: 409 | Y16: No | Z16: Yes | AA16: No | AB16: No | AC16: 1 | AD16: 0.70254928 | AE16: No | AF16: No | AH16: Global correction covers 2354 disease-probe tests entering SMR Select; it does not correct the preceding region-selection stage. | AI16: No | AJ16: No | AK16: No
A17: eQTLGen + six disease GWAS | B17: iamdgc_lateamd | C17: ENSG00000163637 | D17: 3 | E17: ENSG00000163637 | F17: 64255347 | G17: rs13072811 | H17: 3 | I17: 64141653 | J17: G | K17: C | L17: 0.391616 | M17: -0.00142085 | N17: 0.0191871 | O17: 0.940969 | P17: -0.070701 | Q17: 0.00812637 | R17: 3.312992e-18 | S17: 0.0200966 | T17: 0.271394 | U17: 0.9409709 | V17: 0.6775782 | W17: 20 | X17: 409 | Y17: No | Z17: Yes | AA17: Yes | AB17: No | AC17: 1 | AD17: 0.97127407 | AE17: No | AF17: No | AH17: Global correction covers 2354 disease-probe tests entering SMR Select; it does not correct the preceding region-selection stage. | AI17: No | AJ17: No | AK17: No
A18: eQTLGen + six disease GWAS | B18: iamdgc_lateamd | C18: ENSG00000224831 | D18: 3 | E18: ENSG00000224831 | F18: 149700530 | G18: rs7644454 | H18: 3 | I18: 149585675 | J18: C | K18: T | L18: 0.270961 | M18: -0.0321417 | N18: 0.0205896 | O18: 0.118509 | P18: -0.218011 | Q18: 0.0225004 | R18: 3.351401e-22 | S18: 0.147432 | T18: 0.0956609 | U18: 0.1232705 | V18: 0.4599537 | W18: 20 | X18: 409 | Y18: No | Z18: Yes | AA18: Yes | AB18: No | AC18: 1 | AD18: 0.38434272 | AE18: No | AF18: No | AH18: Global correction covers 2354 disease-probe tests entering SMR Select; it does not correct the preceding region-selection stage. | AI18: No | AJ18: No | AK18: No
A19: eQTLGen + six disease GWAS | B19: iamdgc_lateamd | C19: ENSG00000070087 | D19: 3 | E19: ENSG00000070087 | F19: 149725633 | G19: rs1563617 | H19: 3 | I19: 149689011 | J19: T | K19: C | L19: 0.376278 | M19: 0.0388187 | N19: 0.0192767 | O19: 0.0440251 | P19: 0.484872 | Q19: 0.00779969 | R19: 0 | S19: 0.0800597 | T19: 0.0397771 | U19: 0.04414546 | V19: 0.6777341 | W19: 20 | X19: 409 | Y19: No | Z19: Yes | AA19: Yes | AB19: No | AC19: 1 | AD19: 0.20496728 | AE19: No | AF19: No | AH19: Global correction covers 2354 disease-probe tests entering SMR Select; it does not correct the preceding region-selection stage. | AI19: No | AJ19: No | AK19: No
A20: eQTLGen + six disease GWAS | B20: iamdgc_lateamd | C20: ENSG00000196428 | D20: 3 | E20: ENSG00000196428 | F20: 150152012 | G20: rs6770424 | H20: 3 | I20: 150174304 | J20: A | K20: G | L20: 0.404908 | M20: 0.044496 | N20: 0.018907 | O20: 0.0185982 | P20: 0.191062 | Q20: 0.00813694 | R20: 6.408483e-122 | S20: 0.232888 | T20: 0.0994532 | U20: 0.01919707 | V20: 0.9768302 | W20: 20 | X20: 409 | Y20: No | Z20: Yes | AA20: Yes | AB20: No | AC20: 1 | AD20: 0.11354247 | AE20: No | AF20: No | AH20: Global correction covers 2354 disease-probe tests entering SMR Select; it does not correct the preceding region-selection stage. | AI20: No | AJ20: No | AK20: No
A21: eQTLGen + six disease GWAS | B21: iamdgc_lateamd | C21: ENSG00000261050 | D21: 3 | E21: ENSG00000261050 | F21: 150182731 | G21: rs1376026 | H21: 3 | I21: 150182592 | J21: A | K21: G | L21: 0.473415 | M21: 0.0123631 | N21: 0.0183577 | O21: 0.50066 | P21: -0.130103 | Q21: 0.0214295 | R21: 1.2696e-09 | S21: -0.0950258 | T21: 0.141967 | U21: 0.503272 | V21: 0.1641607 | W21: 20 | X21: 409 | Y21: No | Z21: Yes | AA21: Yes | AB21: No | AC21: 1 | AD21: 0.79338804 | AE21: No | AF21: No | AH21: Global correction covers 2354 disease-probe tests entering SMR Select; it does not correct the preceding region-selection stage. | AI21: No | AJ21: No | AK21: No
A22: eQTLGen + six disease GWAS | B22: iamdgc_lateamd | C22: ENSG00000144895 | D22: 3 | E22: ENSG00000144895 | F22: 150283247 | G22: rs6440683 | H22: 3 | I22: 150295376 | J22: C | K22: T | L22: 0.143149 | M22: -0.0210036 | N22: 0.0254879 | O22: 0.409904 | P22: -0.527585 | Q22: 0.0109073 | R22: 0 | S22: 0.0398108 | T22: 0.0483175 | U22: 0.4099725 | V22: 0.7714751 | W22: 20 | X22: 409 | Y22: No | Z22: Yes | AA22: Yes | AB22: No | AC22: 1 | AD22: 0.73056417 | AE22: No | AF22: No | AH22: Global correction covers 2354 disease-probe tests entering SMR Select; it does not correct the preceding region-selection stage. | AI22: No | AJ22: No | AK22: No
A23: eQTLGen + six disease GWAS | B23: iamdgc_lateamd | C23: ENSG00000120742 | D23: 3 | E23: ENSG00000120742 | F23: 150290398 | G23: rs13072593 | H23: 3 | I23: 150288489 | J23: G | K23: A | L23: 0.250511 | M23: -0.0298037 | N23: 0.021355 | O23: 0.162825 | P23: 0.134997 | Q23: 0.0091961 | R23: 8.684593e-49 | S23: -0.220773 | T23: 0.158902 | U23: 0.1647214 | V23: 0.6873936 | W23: 20 | X23: 409 | Y23: No | Z23: Yes | AA23: Yes | AB23: No | AC23: 1 | AD23: 0.45618138 | AE23: No | AF23: No | AH23: Global correction covers 2354 disease-probe tests entering SMR Select; it does not correct the preceding region-selection stage. | AI23: No | AJ23: No | AK23: No
A24: eQTLGen + six disease GWAS | B24: iamdgc_lateamd | C24: ENSG00000198843 | D24: 3 | E24: ENSG00000198843 | F24: 150334442 | G24: rs2049227 | H24: 3 | I24: 150346471 | J24: C | K24: T | L24: 0.375256 | M24: 0.00800179 | N24: 0.0189766 | O24: 0.673268 | P24: 0.262263 | Q24: 0.0121272 | R24: 1.022769e-103 | S24: 0.0305106 | T24: 0.0723709 | U24: 0.6733272 | V24: 0.5564388 | W24: 20 | X24: 409 | Y24: No | Z24: Yes | AA24: Yes | AB24: No | AC24: 1 | AD24: 0.87618144 | AE24: No | AF24: No | AH24: Global correction covers 2354 disease-probe tests entering SMR Select; it does not correct the preceding region-selection stage. | AI24: No | AJ24: No | AK24: No
A25: eQTLGen + six disease GWAS | B25: iamdgc_lateamd | C25: ENSG00000240137 | D25: 3 | E25: ENSG00000240137 | F25: 150429642 | G25: rs9814796 | H25: 3 | I25: 150422469 | J25: A | K25: G | L25: 0.349693 | M25: 0.0343296 | N25: 0.0190786 | O25: 0.0719598 | P25: 0.470264 | Q25: 0.0193205 | R25: 7.362393e-131 | S25: 0.0730007 | T25: 0.0406807 | U25: 0.07273651 | V25: 0.8686283 | W25: 20 | X25: 409 | Y25: No | Z25: Yes | AA25: Yes | AB25: No | AC25: 1 | AD25: 0.27775215 | AE25: No | AF25: No | AH25: Global correction covers 2354 disease-probe tests entering SMR Select; it does not correct the preceding region-selection stage. | AI25: No | AJ25: No | AK25: No
... A49: eQTLGen + six disease GWAS | B49: iamdgc_lateamd | C49: ENSG00000204428 | D49: 6 | E49: ENSG00000204428 | F49: 31648139 | G49: rs1144709 | H49: 6 | I49: 31709349 | J49: T | K49: C | L49: 0.239264 | M49: 0.0119335 | N49: 0.0214871 | O49: 0.578635 | P49: -0.521515 | Q49: 0.0135797 | R49: 0 | S49: -0.0228824 | T49: 0.0412056 | U49: 0.5786747 | V49: 7.84078e-25 | W49: 20 | X49: 409 | Y49: No | Z49: No | AA49: No | AB49: No | AC49: 1 | AD49: 0.83876323 | AE49: No | AF49: No | AH49: Global correction covers 2354 disease-probe tests entering SMR Select; it does not correct the preceding region-selection stage. | AI49: No | AJ49: No | AK49: No
A50: eQTLGen + six disease GWAS | B50: iamdgc_lateamd | C50: ENSG00000204427 | D50: 6 | E50: ENSG00000204427 | F50: 31662973 | G50: rs150043706 | H50: 6 | I50: 31578465 | J50: A | K50: G | L50: 0.0184049 | M50: -0.492851 | N50: 0.0749458 | O50: 2.5142e-11 | P50: 0.332273 | Q50: 0.0567639 | R50: 4.810398e-09 | S50: -1.48327 | T50: 0.33924 | U50: 1.229249e-05 | V50: 0.04442672 | W50: 5 | X50: 409 | Y50: Yes | Z50: Yes | AA50: No | AB50: Yes | AC50: 0.028936521 | AD50: 0.00019420484 | AE50: Yes | AF50: Yes | AG50: ABHD16A | AH50: Global correction covers 2354 disease-probe tests entering SMR Select; it does not correct the preceding region-selection stage. | AI50: Yes | AJ50: No | AK50: Yes
A51: eQTLGen + six disease GWAS | B51: iamdgc_lateamd | C51: ENSG00000204421 | D51: 6 | E51: ENSG00000204421 | F51: 31688023 | G51: rs3117572 | H51: 6 | I51: 31717692 | J51: A | K51: G | L51: 0.154397 | M51: -0.0192498 | N51: 0.0238542 | O51: 0.419679 | P51: 0.112507 | Q51: 0.0183901 | R51: 9.487579e-10 | S51: -0.171099 | T51: 0.213861 | U51: 0.4236834 | V51: 0.0009433881 | W51: 20 | X51: 409 | Y51: No | Z51: No | AA51: No | AB51: No | AC51: 1 | AD51: 0.74331014 | AE51: No | AF51: No | AG51: LY6G6C | AH51: Global correction covers 2354 disease-probe tests entering SMR Select; it does not correct the preceding region-selection stage. | AI51: No | AJ51: No | AK51: No
A52: eQTLGen + six disease GWAS | B52: iamdgc_lateamd | C52: ENSG00000213722 | D52: 6 | E52: ENSG00000213722 | F52: 31696604 | G52: rs9267576 | H52: 6 | I52: 31812038 | J52: T | K52: G | L52: 0.108384 | M52: -0.088452 | N52: 0.027073 | O52: 0.00107962 | P52: 0.423021 | Q52: 0.0176535 | R52: 6.861924e-127 | S52: -0.209096 | T52: 0.0645913 | U52: 0.001207024 | V52: 7.291135e-14 | W52: 20 | X52: 409 | Y52: No | Z52: No | AA52: No | AB52: No | AC52: 1 | AD52: 0.011692735 | AE52: No | AF52: Yes | AH52: Global correction covers 2354 disease-probe tests entering SMR Select; it does not correct the preceding region-selection stage. | AI52: No | AJ52: No | AK52: No
A53: eQTLGen + six disease GWAS | B53: iamdgc_lateamd | C53: ENSG00000204410 | D53: 6 | E53: ENSG00000204410 | F53: 31720173 | G53: rs2299851 | H53: 6 | I53: 31718602 | J53: A | K53: G | L53: 0.102249 | M53: -0.254579 | N53: 0.0326438 | O53: 4.87978e-15 | P53: -0.279638 | Q53: 0.030369 | R53: 3.322604e-20 | S53: 0.910388 | T53: 0.152978 | U53: 2.663696e-09 | V53: 1.405405e-06 | W53: 20 | X53: 409 | Y53: Yes | Z53: No | AA53: No | AB53: No | AC53: 6.2703404e-06 | AD53: 8.8314653e-08 | AE53: Yes | AF53: Yes | AH53: Global correction covers 2354 disease-probe tests entering SMR Select; it does not correct the preceding region-selection stage. | AI53: No | AJ53: No | AK53: No
A54: eQTLGen + six disease GWAS | B54: iamdgc_lateamd | C54: ENSG00000204396 | D54: 6 | E54: ENSG00000204396 | F54: 31739237 | G54: rs28745895 | H54: 6 | I54: 31709969 | J54: A | K54: C | L54: 0.0531697 | M54: -0.157552 | N54: 0.0569449 | O54: 0.00558599 | P54: -0.516843 | Q54: 0.0406918 | R54: 5.808152e-37 | S54: 0.304835 | T54: 0.112762 | U54: 0.006864418 | V54: 1.880404e-09 | W54: 20 | X54: 409 | Y54: No | Z54: No | AA54: No | AB54: No | AC54: 1 | AD54: 0.051461274 | AE54: No | AF54: No | AH54: Global correction covers 2354 disease-probe tests entering SMR Select; it does not correct the preceding region-selection stage. | AI54: No | AJ54: No | AK54: No
A55: eQTLGen + six disease GWAS | B55: iamdgc_lateamd | C55: ENSG00000204392 | D55: 6 | E55: ENSG00000204392 | F55: 31769967 | G55: rs34814308 | H55: 6 | I55: 31777641 | J55: T | K55: C | L55: 0.0296524 | M55: 0.180754 | N55: 0.0583904 | O55: 0.00193821 | P55: -0.770798 | Q55: 0.0444551 | R55: 2.396924e-67 | S55: -0.234502 | T55: 0.0769511 | U55: 0.002308121 | V55: 3.049814e-11 | W55: 20 | X55: 409 | Y55: No | Z55: No | AA55: No | AB55: No | AC55: 1 | AD55: 0.01997543 | AE55: No | AF55: Yes | AH55: Global correction covers 2354 disease-probe tests entering SMR Select; it does not correct the preceding region-selection stage. | AI55: No | AJ55: No | AK55: No
A56: eQTLGen + six disease GWAS | B56: iamdgc_lateamd | C56: ENSG00000204390 | D56: 6 | E56: ENSG00000204390 | F56: 31780416 | G56: rs34814308 | H56: 6 | I56: 31777641 | J56: T | K56: C | L56: 0.0296524 | M56: 0.180754 | N56: 0.0583904 | O56: 0.00193821 | P56: -0.815434 | Q56: 0.0443812 | R56: 2.14537e-75 | S56: -0.221666 | T56: 0.0726158 | U56: 0.002268769 | V56: 1.480553e-10 | W56: 20 | X56: 409 | Y56: No | Z56: No | AA56: No | AB56: No | AC56: 1 | AD56: 0.019780305 | AE56: No | AF56: Yes | AH56: Global correction covers 2354 disease-probe tests entering SMR Select; it does not correct the preceding region-selection stage. | AI56: No | AJ56: No | AK56: No
A57: eQTLGen + six disease GWAS | B57: iamdgc_lateamd | C57: ENSG00000204388 | D57: 6 | E57: ENSG00000204388 | F57: 31796771 | G57: rs1144708 | H57: 6 | I57: 31710020 | J57: T | K57: C | L57: 0.366053 | M57: 0.0588578 | N57: 0.0186861 | O57: 0.00163279 | P57: -0.216337 | Q57: 0.0123991 | R57: 3.577488e-68 | S57: -0.272066 | T57: 0.0877713 | U57: 0.00193709 | V57: 2.010679e-22 | W57: 20 | X57: 409 | Y57: No | Z57: No | AA57: No | AB57: No | AC57: 1 | AD57: 0.017272386 | AE57: No | AF57: Yes | AH57: Global correction covers 2354 disease-probe tests entering SMR Select; it does not correct the preceding region-selection stage. | AI57: No | AJ57: No | AK57: No
A58: eQTLGen + six disease GWAS | B58: iamdgc_lateamd | C58: ENSG00000204387 | D58: 6 | E58: ENSG00000204387 | F58: 31804963 | G58: rs140091914 | H58: 6 | I58: 31754008 | J58: A | K58: G | L58: 0.156442 | M58: -0.242319 | N58: 0.0287861 | O58: 3.02273e-17 | P58: -0.446256 | Q58: 0.0169078 | R58: 1.627037e-153 | S58: 0.543005 | T58: 0.0677072 | U58: 1.058368e-15 | V58: 9.18648e-24 | W58: 20 | X58: 409 | Y58: Yes | Z58: No | AA58: No | AB58: No | AC58: 2.4913983e-12 | AD58: 7.5496917e-14 | AE58: Yes | AF58: Yes | AH58: Global correction covers 2354 disease-probe tests entering SMR Select; it does not correct the preceding region-selection stage. | AI58: No | AJ58: No | AK58: No
A59: eQTLGen + six disease GWAS | B59: iamdgc_lateamd | C59: ENSG00000204386 | D59: 6 | E59: ENSG00000204386 | F59: 31828059 | G59: rs3101018 | H59: 6 | I59: 31705864 | J59: T | K59: C | L59: 0.0725971 | M59: 0.153122 | N59: 0.0287335 | O59: 9.71941e-08 | P59: -0.192784 | Q59: 0.0224032 | R59: 7.618418e-18 | S59: -0.794268 | T59: 0.175311 | U59: 5.880986e-06 | V59: 1.983132e-11 | W59: 20 | X59: 409 | Y59: Yes | Z59: No | AA59: No | AB59: No | AC59: 0.013843841 | AD59: 9.818327e-05 | AE59: Yes | AF59: Yes | AH59: Global correction covers 2354 disease-probe tests entering SMR Select; it does not correct the preceding region-selection stage. | AI59: No | AJ59: No | AK59: No
A60: eQTLGen + six disease GWAS | B60: iamdgc_lateamd | C60: ENSG00000204371 | D60: 6 | E60: ENSG00000204371 | F60: 31856500 | G60: rs3020644 | H60: 6 | I60: 31894626 | J60: G | K60: A | L60: 0.391616 | M60: 0.108352 | N60: 0.0182275 | O60: 2.72954e-09 | P60: -0.0882345 | Q60: 0.0123664 | R60: 9.678692e-13 | S60: -1.228 | T60: 0.268881 | U60: 4.945723e-06 | V60: 0.0001423187 | W60: 20 | X60: 409 | Y60: Yes | Z60: No | AA60: No | AB60: No | AC60: 0.011642232 | AD60: 8.4364e-05 | AE60: Yes | AF60: Yes | AG60: EHMT2 | AH60: Global correction covers 2354 disease-probe tests entering SMR Select; it does not correct the preceding region-selection stage. | AI60: No | AJ60: No | AK60: No
A61: eQTLGen + six disease GWAS | B61: iamdgc_lateamd | C61: ENSG00000166278 | D61: 6 | E61: ENSG00000166278 | F61: 31889505 | G61: rs488755 | H61: 6 | I61: 31904306 | J61: A | K61: G | L61: 0.0664622 | M61: -0.673046 | N61: 0.0420908 | O61: 5.83176e-60 | P61: -0.255966 | Q61: 0.0269983 | R61: 2.523401e-21 | S61: 2.62944 | T61: 0.322428 | U61: 3.488237e-16 | V61: 9.603129e-08 | W61: 20 | X61: 409 | Y61: Yes | Z61: No | AA61: No | AB61: No | AC61: 8.2113099e-13 | AD61: 2.6488096e-14 | AE61: Yes | AF61: Yes | AH61: Global correction covers 2354 disease-probe tests entering SMR Select; it does not correct the preceding region-selection stage. | AI61: No | AJ61: No | AK61: No
A62: eQTLGen + six disease GWAS | B62: iamdgc_lateamd | C62: ENSG00000204356 | D62: 6 | E62: ENSG00000204356 | F62: 31923375 | G62: rs541862 | H62: 6 | I62: 31916951 | J62: C | K62: T | L62: 0.0879346 | M62: -0.669859 | N62: 0.0365722 | O62: 3.60662e-78 | P62: -0.462702 | Q62: 0.0298006 | R62: 2.292108e-54 | S62: 1.44771 | T62: 0.122234 | U62: 2.318827e-32 | V62: 4.206771e-07 | W62: 20 | X62: 409 | Y62: Yes | Z62: No | AA62: No | AB62: No | AC62: 5.4585188e-29 | AD62: 3.6390125e-30 | AE62: Yes | AF62: Yes | AG62: NELFE | AH62: Global correction covers 2354 disease-probe tests entering SMR Select; it does not correct the preceding region-selection stage. | AI62: No | AJ62: No | AK62: No
A63: eQTLGen + six disease GWAS | B63: iamdgc_lateamd | C63: ENSG00000204351 | D63: 6 | E63: ENSG00000204351 | F63: 31932194 | G63: rs389512 | H63: 6 | I63: 31947594 | J63: C | K63: G | L63: 0.140082 | M63: -0.393532 | N63: 0.0291312 | O63: 3.40565e-42 | P63: 0.737882 | Q63: 0.0177404 | R63: 0 | S63: -0.533326 | T63: 0.0415095 | U63: 8.79413e-38 | V63: 2.321903e-24 | W63: 20 | X63: 409 | Y63: Yes | Z63: No | AA63: No | AB63: No | AC63: 2.0701382e-34 | AD63: 2.0701382e-35 | AE63: Yes | AF63: Yes | AH63: Global correction covers 2354 disease-probe tests entering SMR Select; it does not correct the preceding region-selection stage. | AI63: No | AJ63: No | AK63: No
A64: eQTLGen + six disease GWAS | B64: iamdgc_lateamd | C64: ENSG00000204348 | D64: 6 | E64: ENSG00000204348 | F64: 31938828 | G64: rs17201560 | H64: 6 | I64: 32047268 | J64: C | K64: T | L64: 0.0368098 | M64: -0.55143 | N64: 0.053699 | O64: 1.70805e-25 | P64: -0.435137 | Q64: 0.0403622 | R64: 4.241791e-27 | S64: 1.26726 | T64: 0.170431 | U64: 1.040978e-13 | V64: 3.436014e-05 | W64: 20 | X64: 409 | Y64: Yes | Z64: No | AA64: No | AB64: No | AC64: 2.4504622e-10 | AD64: 5.6987493e-12 | AE64: Yes | AF64: Yes | AH64: Global correction covers 2354 disease-probe tests entering SMR Select; it does not correct the preceding region-selection stage. | AI64: No | AJ64: No | AK64: No
A65: eQTLGen + six disease GWAS | B65: iamdgc_lateamd | C65: ENSG00000204344 | D65: 6 | E65: ENSG00000204344 | F65: 31944048 | G65: rs16867582 | H65: 6 | I65: 31782617 | J65: A | K65: C | L65: 0.0276074 | M65: 0.238997 | N65: 0.0524572 | O65: 5.01961e-06 | P65: -0.239904 | Q65: 0.0387969 | R65: 6.265618e-10 | S65: -0.996218 | T65: 0.271601 | U65: 0.0002445034 | V65: 0.0001496383 | W65: 20 | X65: 409 | Y65: No | Z65: No | AA65: No | AB65: No | AC65: 0.575561 | AD65: 0.0029821814 | AE65: No | AF65: Yes | AH65: Global correction covers 2354 disease-probe tests entering SMR Select; it does not correct the preceding region-selection stage. | AI65: No | AJ65: No | AK65: No
A66: eQTLGen + six disease GWAS | B66: iamdgc_lateamd | C66: ENSG00000244731 | D66: 6 | E66: ENSG00000244731 | F66: 31960129 | G66: rs1269852 | H66: 6 | I66: 32080191 | J66: C | K66: G | L66: 0.0736196 | M66: 0.145847 | N66: 0.0289388 | O66: 4.59039e-07 | P66: -0.587905 | Q66: 0.0226946 | R66: 5.849686e-148 | S66: -0.248079 | T66: 0.0501465 | U66: 7.533177e-07 | V66: 0.0003314228 | W66: 20 | X66: 409 | Y66: Yes | Z66: No | AA66: No | AB66: No | AC66: 0.0017733099 | AD66: 1.5287154e-05 | AE66: Yes | AF66: Yes | AH66: Global correction covers 2354 disease-probe tests entering SMR Select; it does not correct the preceding region-selection stage. | AI66: No | AJ66: No | AK66: No
A67: eQTLGen + six disease GWAS | B67: iamdgc_lateamd | C67: ENSG00000204338 | D67: 6 | E67: ENSG00000204338 | F67: 31974820 | G67: rs497309 | H67: 6 | I67: 31892484 | J67: C | K67: A | L67: 0.0715746 | M67: 0.146079 | N67: 0.0288375 | O67: 4.00987e-07 | P67: -0.811091 | Q67: 0.0335789 | R67: 6.648036e-129 | S67: -0.180102 | T67: 0.0363274 | U67: 7.131632e-07 | V67: 2.482034e-22 | W67: 20 | X67: 409 | Y67: Yes | Z67: No | AA67: No | AB67: No | AC67: 0.0016787862 | AD67: 1.4744339e-05 | AE67: Yes | AF67: Yes | AH67: Global correction covers 2354 disease-probe tests entering SMR Select; it does not correct the preceding region-selection stage. | AI67: No | AJ67: No | AK67: No
A68: eQTLGen + six disease GWAS | B68: iamdgc_lateamd | C68: ENSG00000248290 | D68: 6 | E68: ENSG00000248290 | F68: 31978320 | G68: rs1150753 | H68: 6 | I68: 32059867 | J68: G | K68: A | L68: 0.0736196 | M68: 0.145172 | N68: 0.0288982 | O68: 4.99931e-07 | P68: -0.638845 | Q68: 0.0398307 | R68: 6.824389e-58 | S68: -0.227241 | T68: 0.047402 | U68: 1.635507e-06 | V68: 1.179669e-05 | W68: 20 | X68: 409 | Y68: Yes | Z68: No | AA68: No | AB68: No | AC68: 0.0038499835 | AD68: 3.0799868e-05 | AE68: Yes | AF68: Yes | AH68: Global correction covers 2354 disease-probe tests entering SMR Select; it does not correct the preceding region-selection stage. | AI68: No | AJ68: No | AK68: No
A69: eQTLGen + six disease GWAS | B69: iamdgc_lateamd | C69: ENSG00000250535 | D69: 6 | E69: ENSG00000250535 | F69: 31981305 | G69: rs17201431 | H69: 6 | I69: 31916013 | J69: C | K69: T | L69: 0.0296524 | M69: 0.250323 | N69: 0.0516754 | O69: 1.2161e-06 | P69: 1.20051 | Q69: 0.0562229 | R69: 3.688501e-101 | S69: 0.208515 | T69: 0.0441385 | U69: 2.311377e-06 | V69: 1.342559e-09 | W69: 20 | X69: 409 | Y69: Yes | Z69: No | AA69: No | AB69: No | AC69: 0.0054409815 | AD69: 4.2178151e-05 | AE69: Yes | AF69: Yes | AH69: Global correction covers 2354 disease-probe tests entering SMR Select; it does not correct the preceding region-selection stage. | AI69: No | AJ69: No | AK69: No
A70: eQTLGen + six disease GWAS | B70: iamdgc_lateamd | C70: ENSG00000224389 | D70: 6 | E70: ENSG00000224389 | F70: 31992867 | G70: rs1270942 | H70: 6 | I70: 31918860 | J70: G | K70: A | L70: 0.0705521 | M70: 0.145282 | N70: 0.0288081 | O70: 4.51315e-07 | P70: 1.1698 | Q70: 0.0288663 | R70: 0 | S70: 0.124194 | T70: 0.0248164 | U70: 5.600907e-07 | V70: 9.481468e-09 | W70: 20 | X70: 409 | Y70: Yes | Z70: No | AA70: No | AB70: No | AC70: 0.0013184535 | AD70: 1.1985941e-05 | AE70: Yes | AF70: Yes | AH70: Global correction covers 2354 disease-probe tests entering SMR Select; it does not correct the preceding region-selection stage. | AI70: No | AJ70: No | AK70: No
A71: eQTLGen + six disease GWAS | B71: iamdgc_lateamd | C71: ENSG00000231852 | D71: 6 | E71: ENSG00000231852 | F71: 32007744 | G71: rs1150753 | H71: 6 | I71: 32059867 | J71: G | K71: A | L71: 0.0736196 | M71: 0.145172 | N71: 0.0288982 | O71: 4.99931e-07 | P71: 0.468653 | Q71: 0.0227479 | R71: 2.633427e-94 | S71: 0.309764 | T71: 0.0634689 | U71: 1.057809e-06 | V71: 7.615015e-06 | W71: 20 | X71: 409 | Y71: Yes | Z71: No | AA71: No | AB71: No | AC71: 0.0024900824 | AD71: 2.0925062e-05 | AE71: Yes | AF71: Yes | AH71: Global correction covers 2354 disease-probe tests entering SMR Select; it does not correct the preceding region-selection stage. | AI71: No | AJ71: No | AK71: No
A72: eQTLGen + six disease GWAS | B72: iamdgc_lateamd | C72: ENSG00000168477 | D72: 6 | E72: ENSG00000168477 | F72: 32046021 | G72: rs2269426 | H72: 6 | I72: 32076499 | J72: A | K72: G | L72: 0.41002 | M72: 0.131417 | N72: 0.0181802 | O72: 4.71194e-13 | P72: 0.434818 | Q72: 0.0181727 | R72: 1.603994e-126 | S72: 0.302234 | T72: 0.0436774 | U72: 4.526282e-12 | V72: 0.000735836 | W72: 20 | X72: 409 | Y72: Yes | Z72: No | AA72: No | AB72: No | AC72: 1.0654868e-08 | AD72: 2.0891898e-10 | AE72: Yes | AF72: Yes | AG72: TNXB | AH72: Global correction covers 2354 disease-probe tests entering SMR Select; it does not correct the preceding region-selection stage. | AI72: No | AJ72: No | AK72: No
A73: eQTLGen + six disease GWAS | B73: iamdgc_lateamd | C73: ENSG00000213676 | D73: 6 | E73: ENSG00000213676 | F73: 32080991 | G73: rs3117577 | H73: 6 | I73: 31727474 | J73: G | K73: A | L73: 0.0725971 | M73: 0.151268 | N73: 0.0287081 | O73: 1.3503e-07 | P73: 0.446987 | Q73: 0.0302738 | R73: 2.470529e-49 | S73: 0.338417 | T73: 0.0681931 | U73: 6.954673e-07 | V73: 9.363719e-05 | W73: 20 | X73: 409 | Y73: Yes | Z73: No | AA73: No | AB73: No | AC73: 0.00163713 | AD73: 1.4617232e-05 | AE73: Yes | AF73: Yes | AH73: Global correction covers 2354 disease-probe tests entering SMR Select; it does not correct the preceding region-selection stage. | AI73: No | AJ73: No | AK73: No
A74: eQTLGen + six disease GWAS | B74: iamdgc_lateamd | C74: ENSG00000204315 | D74: 6 | E74: ENSG00000204315 | F74: 32097276 | G74: rs17840121 | H74: 6 | I74: 32577693 | J74: C | K74: G | L74: 0.150307 | M74: 0.129083 | N74: 0.0251976 | O74: 2.97482e-07 | P74: 0.173624 | Q74: 0.0192266 | R74: 1.7105e-19 | S74: 0.743464 | T74: 0.166853 | U74: 8.358543e-06 | V74: 2.572359e-11 | W74: 20 | X74: 409 | Y74: Yes | Z74: No | AA74: No | AB74: No | AC74: 0.01967601 | AD74: 0.00013476719 | AE74: Yes | AF74: Yes | AH74: Global correction covers 2354 disease-probe tests entering SMR Select; it does not correct the preceding region-selection stage. | AI74: No | AJ74: No | AK74: No
A75: eQTLGen + six disease GWAS | B75: iamdgc_lateamd | C75: ENSG00000204314 | D75: 6 | E75: ENSG00000204314 | F75: 32119143 | G75: rs570263 | H75: 6 | I75: 31847196 | J75: T | K75: C | L75: 0.276074 | M75: 0.113324 | N75: 0.0192004 | O75: 3.52071e-09 | P75: 0.0930306 | Q75: 0.0131992 | R75: 1.8125e-12 | S75: 1.21814 | T75: 0.269195 | U75: 6.036528e-06 | V75: 1.903139e-08 | W75: 20 | X75: 409 | Y75: Yes | Z75: No | AA75: No | AB75: No | AC75: 0.014209987 | AD75: 0.00010007033 | AE75: Yes | AF75: Yes | AH75: Global correction covers 2354 disease-probe tests entering SMR Select; it does not correct the preceding region-selection stage. | AI75: No | AJ75: No | AK75: No
A76: eQTLGen + six disease GWAS | B76: iamdgc_lateamd | C76: ENSG00000221988 | D76: 6 | E76: ENSG00000221988 | F76: 32126336 | G76: rs553108 | H76: 6 | I76: 31840455 | J76: A | K76: G | L76: 0.374233 | M76: 0.0350123 | N76: 0.0186213 | O76: 0.0600759 | P76: 0.169623 | Q76: 0.0157271 | R76: 4.034788e-27 | S76: 0.206412 | T76: 0.111436 | U76: 0.06398384 | V76: 7.7584e-11 | W76: 20 | X76: 409 | Y76: No | Z76: No | AA76: No | AB76: No | AC76: 1 | AD76: 0.26240063 | AE76: No | AF76: No | AH76: Global correction covers 2354 disease-probe tests entering SMR Select; it does not correct the preceding region-selection stage. | AI76: No | AJ76: No | AK76: No
A77: eQTLGen + six disease GWAS | B77: iamdgc_lateamd | C77: ENSG00000241404 | D77: 6 | E77: ENSG00000241404 | F77: 32134209 | G77: rs41268896 | H77: 6 | I77: 32070069 | J77: A | K77: G | L77: 0.343558 | M77: 0.0387043 | N77: 0.0189447 | O77: 0.0410431 | P77: -0.122447 | Q77: 0.0128212 | R77: 1.292005e-21 | S77: -0.31609 | T77: 0.158218 | U77: 0.04573677 | V77: 1.936669e-09 | W77: 20 | X77: 409 | Y77: No | Z77: No | AA77: No | AB77: No | AC77: 1 | AD77: 0.21065233 | AE77: No | AF77: No | AH77: Global correction covers 2354 disease-probe tests entering SMR Select; it does not correct the preceding region-selection stage. | AI77: No | AJ77: No | AK77: No
A78: eQTLGen + six disease GWAS | B78: iamdgc_lateamd | C78: ENSG00000204310 | D78: 6 | E78: ENSG00000204310 | F78: 32140931 | G78: rs116275603 | H78: 6 | I78: 31844998 | J78: A | K78: G | L78: 0.0470348 | M78: -0.172506 | N78: 0.0623306 | O78: 0.00555917 | P78: -0.318096 | Q78: 0.0322868 | R78: 6.705949e-23 | S78: 0.542309 | T78: 0.203534 | U78: 0.007711089 | V78: 2.73545e-06 | W78: 20 | X78: 409 | Y78: No | Z78: No | AA78: No | AB78: No | AC78: 1 | AD78: 0.056197844 | AE78: No | AF78: No | AH78: Global correction covers 2354 disease-probe tests entering SMR Select; it does not correct the preceding region-selection stage. | AI78: No | AJ78: No | AK78: No
A79: eQTLGen + six disease GWAS | B79: iamdgc_lateamd | C79: ENSG00000204308 | D79: 6 | E79: ENSG00000204308 | F79: 32149030 | G79: rs62402717 | H79: 6 | I79: 32080838 | J79: A | K79: G | L79: 0.0368098 | M79: 0.255642 | N79: 0.0496791 | O79: 2.52064e-07 | P79: 0.655614 | Q79: 0.0629587 | R79: 2.153901e-25 | S79: 0.389928 | T79: 0.0845219 | U79: 3.96264e-06 | V79: 4.187135e-06 | W79: 20 | X79: 409 | Y79: Yes | Z79: No | AA79: No | AB79: No | AC79: 0.0093280546 | AD79: 6.90967e-05 | AE79: Yes | AF79: Yes | AH79: Global correction covers 2354 disease-probe tests entering SMR Select; it does not correct the preceding region-selection stage. | AI79: No | AJ79: No | AK79: No
A80: eQTLGen + six disease GWAS | B80: iamdgc_lateamd | C80: ENSG00000204305 | D80: 6 | E80: ENSG00000204305 | F80: 32150423 | G80: rs693906 | H80: 6 | I80: 31835164 | J80: C | K80: G | L80: 0.112474 | M80: 0.170604 | N80: 0.0251534 | O80: 1.12824e-11 | P80: 0.196774 | Q80: 0.0175585 | R80: 3.775978e-29 | S80: 0.867003 | T80: 0.149417 | U80: 6.530028e-09 | V80: 0.008078019 | W80: 20 | X80: 409 | Y80: Yes | Z80: No | AA80: No | AB80: No | AC80: 1.5371686e-05 | AD80: 1.897739e-07 | AE80: Yes | AF80: Yes | AH80: Global correction covers 2354 disease-probe tests entering SMR Select; it does not correct the preceding region-selection stage. | AI80: No | AJ80: No | AK80: No
A81: eQTLGen + six disease GWAS | B81: iamdgc_lateamd | C81: ENSG00000204304 | D81: 6 | E81: ENSG00000204304 | F81: 32154964 | G81: rs693906 | H81: 6 | I81: 31835164 | J81: C | K81: G | L81: 0.112474 | M81: 0.170604 | N81: 0.0251534 | O81: 1.12824e-11 | P81: -0.267665 | Q81: 0.0221072 | R81: 9.626974e-34 | S81: -0.637378 | T81: 0.107714 | U81: 3.272046e-09 | V81: 3.525964e-12 | W81: 20 | X81: 409 | Y81: Yes | Z81: No | AA81: No | AB81: No | AC81: 7.7023963e-06 | AD81: 1.0408644e-07 | AE81: Yes | AF81: Yes | AH81: Global correction covers 2354 disease-probe tests entering SMR Select; it does not correct the preceding region-selection stage. | AI81: No | AJ81: No | AK81: No
A82: eQTLGen + six disease GWAS | B82: iamdgc_lateamd | C82: ENSG00000204301 | D82: 6 | E82: ENSG00000204301 | F82: 32177232 | G82: rs2269426 | H82: 6 | I82: 32076499 | J82: A | K82: G | L82: 0.41002 | M82: 0.131417 | N82: 0.0181802 | O82: 4.71194e-13 | P82: -0.126657 | Q82: 0.0123328 | R82: 9.620465e-25 | S82: -1.03758 | T82: 0.175529 | U82: 3.397064e-09 | V82: 4.680242e-09 | W82: 20 | X82: 409 | Y82: Yes | Z82: No | AA82: No | AB82: No | AC82: 7.9966887e-06 | AD82: 1.0521959e-07 | AE82: Yes | AF82: Yes | AH82: Global correction covers 2354 disease-probe tests entering SMR Select; it does not correct the preceding region-selection stage. | AI82: No | AJ82: No | AK82: No
A83: eQTLGen + six disease GWAS | B83: iamdgc_lateamd | C83: ENSG00000204287 | D83: 6 | E83: ENSG00000204287 | F83: 32410221 | G83: rs114445199 | H83: 6 | I83: 32343715 | J83: A | K83: G | L83: 0.0276074 | M83: -0.358349 | N83: 0.0520956 | O83: 4.43813e-12 | P83: -0.339567 | Q83: 0.0308361 | R83: 3.344917e-28 | S83: 1.05531 | T83: 0.180889 | U83: 5.410798e-09 | V83: 0.0003172603 | W83: 20 | X83: 409 | Y83: Yes | Z83: No | AA83: No | AB83: No | AC83: 1.2737018e-05 | AD83: 1.6329511e-07 | AE83: Yes | AF83: Yes | AH83: Global correction covers 2354 disease-probe tests entering SMR Select; it does not correct the preceding region-selection stage. | AI83: No | AJ83: No | AK83: No
A84: eQTLGen + six disease GWAS | B84: iamdgc_lateamd | C84: ENSG00000198502 | D84: 6 | E84: ENSG00000198502 | F84: 32491592 | G84: rs9271055 | H84: 6 | I84: 32575369 | J84: G | K84: T | L84: 0.139059 | M84: -0.0865435 | N84: 0.0251402 | O84: 0.000573443 | P84: 1.18659 | Q84: 0.00941556 | R84: 0 | S84: -0.0729344 | T84: 0.0211948 | U84: 0.0005792446 | V84: 0.004442549 | W84: 20 | X84: 409 | Y84: No | Z84: No | AA84: No | AB84: No | AC84: 1 | AD84: 0.0062262182 | AE84: No | AF84: Yes | AH84: Global correction covers 2354 disease-probe tests entering SMR Select; it does not correct the preceding region-selection stage. | AI84: No | AJ84: No | AK84: No
... A87: eQTLGen + six disease GWAS | B87: iamdgc_lateamd | C87: ENSG00000196735 | D87: 6 | E87: ENSG00000196735 | F87: 32605397 | G87: rs1063355 | H87: 6 | I87: 32627714 | J87: T | K87: G | L87: 0.407975 | M87: -0.142777 | N87: 0.0182641 | O87: 5.10505e-15 | P87: 0.684233 | Q87: 0.0122142 | R87: 0 | S87: -0.208667 | T87: 0.0269515 | U87: 9.760684e-15 | V87: 0.0001875042 | W87: 20 | X87: 409 | Y87: Yes | Z87: No | AA87: No | AB87: No | AC87: 2.297665e-11 | AD87: 6.2099054e-13 | AE87: Yes | AF87: Yes | AH87: Global correction covers 2354 disease-probe tests entering SMR Select; it does not correct the preceding region-selection stage. | AI87: No | AJ87: No | AK87: No
A88: eQTLGen + six disease GWAS | B88: iamdgc_lateamd | C88: ENSG00000223534 | D88: 6 | E88: ENSG00000223534 | F88: 32628081 | G88: rs1049225 | H88: 6 | I88: 32627747 | J88: A | K88: G | L88: 0.211656 | M88: -0.170138 | N88: 0.0214328 | O88: 1.88452e-15 | P88: 1.01813 | Q88: 0.0189842 | R88: 0 | S88: -0.167108 | T88: 0.0212805 | U88: 4.073339e-15 | V88: 0.02001716 | W88: 20 | X88: 409 | Y88: Yes | Z88: Yes | AA88: No | AB88: Yes | AC88: 9.58864e-12 | AD88: 2.7396114e-13 | AE88: Yes | AF88: Yes | AG88: HLA-DQB1-AS1 | AH88: Global correction covers 2354 disease-probe tests entering SMR Select; it does not correct the preceding region-selection stage. | AI88: Yes | AJ88: No | AK88: Yes
A89: eQTLGen + six disease GWAS | B89: iamdgc_lateamd | C89: ENSG00000179344 | D89: 6 | E89: ENSG00000179344 | F89: 32631702 | G89: rs1063355 | H89: 6 | I89: 32627714 | J89: T | K89: G | L89: 0.407975 | M89: -0.142777 | N89: 0.0182641 | O89: 5.10505e-15 | P89: 0.653392 | Q89: 0.00867797 | R89: 0 | S89: -0.218517 | T89: 0.028103 | U89: 7.5114e-15 | V89: 3.087491e-08 | W89: 20 | X89: 409 | Y89: Yes | Z89: No | AA89: No | AB89: No | AC89: 1.7681836e-11 | AD89: 4.911621e-13 | AE89: Yes | AF89: Yes | AH89: Global correction covers 2354 disease-probe tests entering SMR Select; it does not correct the preceding region-selection stage. | AI89: No | AJ89: No | AK89: No
A90: eQTLGen + six disease GWAS | B90: iamdgc_lateamd | C90: ENSG00000237541 | D90: 6 | E90: ENSG00000237541 | F90: 32712055 | G90: rs9271544 | H90: 6 | I90: 32590120 | J90: A | K90: C | L90: 0.303681 | M90: 0.06118 | N90: 0.0192326 | O90: 0.00146639 | P90: 1.11117 | Q90: 0.0148459 | R90: 0 | S90: 0.055059 | T90: 0.017324 | U90: 0.001481986 | V90: 3.212461e-18 | W90: 20 | X90: 409 | Y90: No | Z90: No | AA90: No | AB90: No | AC90: 1 | AD90: 0.014010422 | AE90: No | AF90: Yes | AH90: Global correction covers 2354 disease-probe tests entering SMR Select; it does not correct the preceding region-selection stage. | AI90: No | AJ90: No | AK90: No
A91: eQTLGen + six disease GWAS | B91: iamdgc_lateamd | C91: ENSG00000232629 | D91: 6 | E91: ENSG00000232629 | F91: 32727593 | G91: rs1063355 | H91: 6 | I91: 32627714 | J91: T | K91: G | L91: 0.407975 | M91: -0.142777 | N91: 0.0182641 | O91: 5.10505e-15 | P91: -0.59324 | Q91: 0.0126597 | R91: 0 | S91: 0.240673 | T91: 0.0312125 | U91: 1.250312e-14 | V91: 1.394037e-08 | W91: 20 | X91: 409 | Y91: Yes | Z91: No | AA91: No | AB91: No | AC91: 2.9432344e-11 | AD91: 7.7453538e-13 | AE91: Yes | AF91: Yes | AH91: Global correction covers 2354 disease-probe tests entering SMR Select; it does not correct the preceding region-selection stage. | AI91: No | AJ91: No | AK91: No
A92: eQTLGen + six disease GWAS | B92: iamdgc_lateamd | C92: ENSG00000241106 | D92: 6 | E92: ENSG00000241106 | F92: 32782682 | G92: rs3763354 | H92: 6 | I92: 32786917 | J92: G | K92: A | L92: 0.202454 | M92: -0.0619167 | N92: 0.0220213 | O92: 0.00491824 | P92: 0.635461 | Q92: 0.0142786 | R92: 0 | S92: -0.0974359 | T92: 0.0347232 | U92: 0.005014843 | V92: 0.02231633 | W92: 20 | X92: 409 | Y92: No | Z92: Yes | AA92: No | AB92: No | AC92: 1 | AD92: 0.038704723 | AE92: No | AF92: Yes | AH92: Global correction covers 2354 disease-probe tests entering SMR Select; it does not correct the preceding region-selection stage. | AI92: No | AJ92: No | AK92: Yes
A93: eQTLGen + six disease GWAS | B93: iamdgc_lateamd | C93: ENSG00000204267 | D93: 6 | E93: ENSG00000204267 | F93: 32798083 | G93: rs4148876 | H93: 6 | I93: 32796793 | J93: A | K93: G | L93: 0.0756646 | M93: -0.0369111 | N93: 0.0344757 | O93: 0.284331 | P93: -1.19718 | Q93: 0.0338545 | R93: 6.39673e-274 | S93: 0.0308316 | T93: 0.0288105 | U93: 0.2845515 | V93: 0.151537 | W93: 20 | X93: 409 | Y93: No | Z93: Yes | AA93: Yes | AB93: No | AC93: 1 | AD93: 0.60783506 | AE93: No | AF93: No | AH93: Global correction covers 2354 disease-probe tests entering SMR Select; it does not correct the preceding region-selection stage. | AI93: No | AJ93: No | AK93: No
A94: eQTLGen + six disease GWAS | B94: iamdgc_lateamd | C94: ENSG00000204264 | D94: 6 | E94: ENSG00000204264 | F94: 32810487 | G94: rs2071467 | H94: 6 | I94: 32805306 | J94: T | K94: C | L94: 0.0429448 | M94: 0.0473966 | N94: 0.0452249 | O94: 0.294629 | P94: 0.749891 | Q94: 0.0267706 | R94: 1.170347e-172 | S94: 0.0632047 | T94: 0.0603508 | U94: 0.2949671 | V94: 0.2361423 | W94: 20 | X94: 409 | Y94: No | Z94: Yes | AA94: Yes | AB94: No | AC94: 1 | AD94: 0.61720227 | AE94: No | AF94: No | AH94: Global correction covers 2354 disease-probe tests entering SMR Select; it does not correct the preceding region-selection stage. | AI94: No | AJ94: No | AK94: No
A95: eQTLGen + six disease GWAS | B95: iamdgc_lateamd | C95: ENSG00000204261 | D95: 6 | E95: ENSG00000204261 | F95: 32813067 | G95: rs3763347 | H95: 6 | I95: 32822975 | J95: A | K95: T | L95: 0.397751 | M95: 0.0152584 | N95: 0.0181808 | O95: 0.401321 | P95: -0.407695 | Q95: 0.0198451 | R95: 8.744627e-94 | S95: -0.037426 | T95: 0.0446313 | U95: 0.4017165 | V95: 0.1109797 | W95: 20 | X95: 409 | Y95: No | Z95: Yes | AA95: Yes | AB95: No | AC95: 1 | AD95: 0.724074 | AE95: No | AF95: No | AH95: Global correction covers 2354 disease-probe tests entering SMR Select; it does not correct the preceding region-selection stage. | AI95: No | AJ95: No | AK95: No
A96: eQTLGen + six disease GWAS | B96: iamdgc_lateamd | C96: ENSG00000168394 | D96: 6 | E96: ENSG00000168394 | F96: 32817370 | G96: rs2071477 | H96: 6 | I96: 32825348 | J96: C | K96: T | L96: 0.397751 | M96: 0.0151034 | N96: 0.0181794 | O96: 0.406089 | P96: 0.117048 | Q96: 0.0122774 | R96: 1.519194e-21 | S96: 0.129036 | T96: 0.155904 | U96: 0.4078626 | V96: 0.1702511 | W96: 20 | X96: 409 | Y96: No | Z96: Yes | AA96: Yes | AB96: No | AC96: 1 | AD96: 0.72901182 | AE96: No | AF96: No | AH96: Global correction covers 2354 disease-probe tests entering SMR Select; it does not correct the preceding region-selection stage. | AI96: No | AJ96: No | AK96: No
A97: eQTLGen + six disease GWAS | B97: iamdgc_lateamd | C97: ENSG00000240065 | D97: 6 | E97: ENSG00000240065 | F97: 32819637 | G97: rs2071477 | H97: 6 | I97: 32825348 | J97: C | K97: T | L97: 0.397751 | M97: 0.0151034 | N97: 0.0181794 | O97: 0.406089 | P97: 0.490188 | Q97: 0.0115773 | R97: 0 | S97: 0.0308114 | T97: 0.0370937 | U97: 0.4061784 | V97: 0.1923807 | W97: 20 | X97: 409 | Y97: No | Z97: Yes | AA97: Yes | AB97: No | AC97: 1 | AD97: 0.72850428 | AE97: No | AF97: No | AH97: Global correction covers 2354 disease-probe tests entering SMR Select; it does not correct the preceding region-selection stage. | AI97: No | AJ97: No | AK97: No
A98: eQTLGen + six disease GWAS | B98: iamdgc_lateamd | C98: ENSG00000234515 | D98: 6 | E98: ENSG00000234515 | F98: 32847286 | G98: rs4148882 | H98: 6 | I98: 32816958 | J98: G | K98: A | L98: 0.357873 | M98: -0.021141 | N98: 0.0185993 | O98: 0.255682 | P98: 0.111549 | Q98: 0.0127032 | R98: 1.617403e-18 | S98: -0.189522 | T98: 0.168128 | U98: 0.2596363 | V98: 0.107864 | W98: 20 | X98: 409 | Y98: No | Z98: Yes | AA98: Yes | AB98: No | AC98: 1 | AD98: 0.57822502 | AE98: No | AF98: No | AH98: Global correction covers 2354 disease-probe tests entering SMR Select; it does not correct the preceding region-selection stage. | AI98: No | AJ98: No | AK98: No
A99: eQTLGen + six disease GWAS | B99: iamdgc_lateamd | C99: ENSG00000242574 | D99: 6 | E99: ENSG00000242574 | F99: 32905626 | G99: rs209473 | H99: 6 | I99: 32922908 | J99: A | K99: C | L99: 0.448875 | M99: -0.0358766 | N99: 0.0179779 | O99: 0.0459632 | P99: -0.180981 | Q99: 0.0126142 | R99: 1.106091e-46 | S99: 0.198234 | T99: 0.100292 | U99: 0.04809065 | V99: 9.976885e-06 | W99: 12 | X99: 409 | Y99: No | Z99: No | AA99: No | AB99: No | AC99: 1 | AD99: 0.2168142 | AE99: No | AF99: No | AH99: Global correction covers 2354 disease-probe tests entering SMR Select; it does not correct the preceding region-selection stage. | AI99: No | AJ99: No | AK99: No
A100: eQTLGen + six disease GWAS | B100: iamdgc_lateamd | C100: ENSG00000204257 | D100: 6 | E100: ENSG00000204257 | F100: 32926630 | G100: rs1050391 | H100: 6 | I100: 32917857 | J100: A | K100: G | L100: 0.0674847 | M100: -0.0258124 | N100: 0.0323587 | O100: 0.425047 | P100: 0.359763 | Q100: 0.0235827 | R100: 1.515607e-52 | S100: -0.0717483 | T100: 0.0900673 | U100: 0.425679 | V100: 0.003161362 | W100: 20 | X100: 409 | Y100: No | Z100: No | AA100: No | AB100: No | AC100: 1 | AD100: 0.74331014 | AE100: No | AF100: No | AH100: Global correction covers 2354 disease-probe tests entering SMR Select; it does not correct the preceding region-selection stage. | AI100: No | AJ100: No | AK100: No
... A133: eQTLGen + six disease GWAS | B133: iamdgc_lateamd | C133: ENSG00000106290 | D133: 7 | E133: ENSG00000106290 | F133: 99711078 | G133: rs6960432 | H133: 7 | I133: 99670875 | J133: G | K133: C | L133: 0.392638 | M133: -0.0165915 | N133: 0.01829 | O133: 0.364336 | P133: 0.0922774 | Q133: 0.00804665 | R133: 1.914695e-30 | S133: -0.1798 | T133: 0.198826 | U133: 0.3658309 | V133: 0.0006263851 | W133: 20 | X133: 409 | Y133: No | Z133: No | AA133: No | AB133: No | AC133: 1 | AD133: 0.6867352 | AE133: No | AF133: No | AH133: Global correction covers 2354 disease-probe tests entering SMR Select; it does not correct the preceding region-selection stage. | AI133: No | AJ133: No | AK133: No
A134: eQTLGen + six disease GWAS | B134: iamdgc_lateamd | C134: ENSG00000166997 | D134: 7 | E134: ENSG00000166997 | F134: 99720185 | G134: rs77686669 | H134: 7 | I134: 99744572 | J134: C | K134: T | L134: 0.283231 | M134: 0.0848695 | N134: 0.0200721 | O134: 2.35169e-05 | P134: -0.302547 | Q134: 0.00877516 | R134: 1.731915e-260 | S134: -0.280516 | T134: 0.0668407 | U134: 2.70724e-05 | V134: 0.01131692 | W134: 20 | X134: 409 | Y134: Yes | Z134: Yes | AA134: No | AB134: Yes | AC134: 0.06372843 | AD134: 0.00041115116 | AE134: No | AF134: Yes | AG134: CNPY4 | AH134: Global correction covers 2354 disease-probe tests entering SMR Select; it does not correct the preceding region-selection stage. | AI134: No | AJ134: No | AK134: Yes
A135: eQTLGen + six disease GWAS | B135: iamdgc_lateamd | C135: ENSG00000214309 | D135: 7 | E135: ENSG00000214309 | F135: 99725217 | G135: rs117279321 | H135: 7 | I135: 99732948 | J135: A | K135: G | L135: 0.0705521 | M135: -0.0618996 | N135: 0.0445283 | O135: 0.164493 | P135: 0.583246 | Q135: 0.0189073 | R135: 6.013579e-209 | S135: -0.10613 | T135: 0.0764232 | U135: 0.1649213 | V135: 0.3684652 | W135: 20 | X135: 409 | Y135: No | Z135: Yes | AA135: Yes | AB135: No | AC135: 1 | AD135: 0.45619828 | AE135: No | AF135: No | AH135: Global correction covers 2354 disease-probe tests entering SMR Select; it does not correct the preceding region-selection stage. | AI135: No | AJ135: No | AK135: No
A136: eQTLGen + six disease GWAS | B136: iamdgc_lateamd | C136: ENSG00000188186 | D136: 7 | E136: ENSG00000188186 | F136: 99750048 | G136: rs12878 | H136: 7 | I136: 99747130 | J136: G | K136: A | L136: 0.366053 | M136: -0.0143352 | N136: 0.0184699 | O136: 0.437666 | P136: 0.247856 | Q136: 0.00887311 | R136: 1.048903e-171 | S136: -0.0578368 | T136: 0.0745474 | U136: 0.437844 | V136: 0.0006488147 | W136: 20 | X136: 409 | Y136: No | Z136: No | AA136: No | AB136: No | AC136: 1 | AD136: 0.75243902 | AE136: No | AF136: No | AH136: Global correction covers 2354 disease-probe tests entering SMR Select; it does not correct the preceding region-selection stage. | AI136: No | AJ136: No | AK136: No
A137: eQTLGen + six disease GWAS | B137: iamdgc_lateamd | C137: ENSG00000146826 | D137: 7 | E137: ENSG00000146826 | F137: 99754190 | G137: rs6975031 | H137: 7 | I137: 99739362 | J137: A | K137: G | L137: 0.160532 | M137: -0.0109213 | N137: 0.0236353 | O137: 0.644028 | P137: -0.327964 | Q137: 0.00999385 | R137: 3.413721e-236 | S137: 0.0333003 | T137: 0.0720739 | U137: 0.6440598 | V137: 0.5810458 | W137: 20 | X137: 409 | Y137: No | Z137: Yes | AA137: Yes | AB137: No | AC137: 1 | AD137: 0.86576502 | AE137: No | AF137: No | AH137: Global correction covers 2354 disease-probe tests entering SMR Select; it does not correct the preceding region-selection stage. | AI137: No | AJ137: No | AK137: No
A138: eQTLGen + six disease GWAS | B138: iamdgc_lateamd | C138: ENSG00000197093 | D138: 7 | E138: ENSG00000197093 | F138: 99761620 | G138: rs11764176 | H138: 7 | I138: 99786964 | J138: T | K138: G | L138: 0.263804 | M138: -0.0406224 | N138: 0.0208453 | O138: 0.0513239 | P138: 0.248298 | Q138: 0.00890089 | R138: 2.991758e-171 | S138: -0.163603 | T138: 0.0841572 | U138: 0.05189327 | V138: 0.000285352 | W138: 20 | X138: 409 | Y138: No | Z138: No | AA138: No | AB138: No | AC138: 1 | AD138: 0.22663591 | AE138: No | AF138: No | AH138: Global correction covers 2354 disease-probe tests entering SMR Select; it does not correct the preceding region-selection stage. | AI138: No | AJ138: No | AK138: No
A139: eQTLGen + six disease GWAS | B139: iamdgc_lateamd | C139: ENSG00000213420 | D139: 7 | E139: ENSG00000213420 | F139: 99771112 | G139: rs34130487 | H139: 7 | I139: 99759205 | J139: T | K139: C | L139: 0.278119 | M139: -0.0575124 | N139: 0.0206304 | O139: 0.0052959 | P139: 0.102035 | Q139: 0.00885647 | R139: 1.034006e-30 | S139: -0.563651 | T139: 0.208023 | U139: 0.006737331 | V139: 0.007328341 | W139: 20 | X139: 409 | Y139: No | Z139: No | AA139: No | AB139: No | AC139: 1 | AD139: 0.050669895 | AE139: No | AF139: No | AH139: Global correction covers 2354 disease-probe tests entering SMR Select; it does not correct the preceding region-selection stage. | AI139: No | AJ139: No | AK139: No
A140: eQTLGen + six disease GWAS | B140: iamdgc_lateamd | C140: ENSG00000066923 | D140: 7 | E140: ENSG00000066923 | F140: 99797148 | G140: rs7786505 | H140: 7 | I140: 99817585 | J140: T | K140: G | L140: 0.232106 | M140: 0.125218 | N140: 0.0215867 | O140: 6.5731e-09 | P140: -0.488035 | Q140: 0.00932571 | R140: 0 | S140: -0.256576 | T140: 0.0445028 | U140: 8.146842e-09 | V140: 0.111319 | W140: 20 | X140: 409 | Y140: Yes | Z140: Yes | AA140: Yes | AB140: Yes | AC140: 1.9177666e-05 | AD140: 2.2830555e-07 | AE140: Yes | AF140: Yes | AG140: STAG3 | AH140: Global correction covers 2354 disease-probe tests entering SMR Select; it does not correct the preceding region-selection stage. | AI140: Yes | AJ140: Yes | AK140: Yes
A141: eQTLGen + six disease GWAS | B141: iamdgc_lateamd | C141: ENSG00000213413 | D141: 7 | E141: ENSG00000213413 | F141: 99817488 | G141: rs2005763 | H141: 7 | I141: 99814821 | J141: A | K141: G | L141: 0.263804 | M141: -0.0421297 | N141: 0.0208225 | O141: 0.0430021 | P141: 0.587968 | Q141: 0.0149797 | R141: 0 | S141: -0.0716531 | T141: 0.0354614 | U141: 0.0433217 | V141: 0.006976898 | W141: 20 | X141: 409 | Y141: No | Z141: No | AA141: No | AB141: No | AC141: 1 | AD141: 0.2028007 | AE141: No | AF141: No | AH141: Global correction covers 2354 disease-probe tests entering SMR Select; it does not correct the preceding region-selection stage. | AI141: No | AJ141: No | AK141: No
A142: eQTLGen + six disease GWAS | B142: iamdgc_lateamd | C142: ENSG00000239521 | D142: 7 | E142: ENSG00000239521 | F142: 99834056 | G142: rs2950517 | H142: 7 | I142: 99803412 | J142: G | K142: C | L142: 0.263804 | M142: -0.0435778 | N142: 0.020828 | O142: 0.0363756 | P142: 0.255865 | Q142: 0.0137937 | R142: 8.246692e-77 | S142: -0.170316 | T142: 0.0819186 | U142: 0.03760943 | V142: 0.05340749 | W142: 20 | X142: 409 | Y142: No | Z142: Yes | AA142: Yes | AB142: No | AC142: 1 | AD142: 0.18677763 | AE142: No | AF142: No | AH142: Global correction covers 2354 disease-probe tests entering SMR Select; it does not correct the preceding region-selection stage. | AI142: No | AJ142: No | AK142: No
A143: eQTLGen + six disease GWAS | B143: iamdgc_lateamd | C143: ENSG00000214300 | D143: 7 | E143: ENSG00000214300 | F143: 99912572 | G143: rs143974973 | H143: 7 | I143: 99884737 | J143: A | K143: G | L143: 0.099182 | M143: -0.048825 | N143: 0.0298556 | O143: 0.101971 | P143: 0.167904 | Q143: 0.0231183 | R143: 3.791608e-13 | S143: -0.290791 | T143: 0.182266 | U143: 0.110617 | V143: 0.008853537 | W143: 20 | X143: 409 | Y143: No | Z143: No | AA143: No | AB143: No | AC143: 1 | AD143: 0.3591902 | AE143: No | AF143: No | AH143: Global correction covers 2354 disease-probe tests entering SMR Select; it does not correct the preceding region-selection stage. | AI143: No | AJ143: No | AK143: No
A144: eQTLGen + six disease GWAS | B144: iamdgc_lateamd | C144: ENSG00000078319 | D144: 7 | E144: ENSG00000078319 | F144: 99929073 | G144: rs6979910 | H144: 7 | I144: 99940630 | J144: C | K144: A | L144: 0.180982 | M144: 0.136838 | N144: 0.0226378 | O144: 1.47846e-09 | P144: -0.143261 | Q144: 0.0118696 | R144: 1.528791e-33 | S144: -0.955163 | T144: 0.176727 | U144: 6.489993e-08 | V144: 0.04027323 | W144: 20 | X144: 409 | Y144: Yes | Z144: Yes | AA144: No | AB144: Yes | AC144: 0.00015277444 | AD144: 1.6081519e-06 | AE144: Yes | AF144: Yes | AG144: PMS2P1 | AH144: Global correction covers 2354 disease-probe tests entering SMR Select; it does not correct the preceding region-selection stage. | AI144: Yes | AJ144: No | AK144: Yes
A145: eQTLGen + six disease GWAS | B145: iamdgc_lateamd | C145: ENSG00000242294 | D145: 7 | E145: ENSG00000242294 | F145: 99936349 | G145: rs7799894 | H145: 7 | I145: 99950427 | J145: T | K145: G | L145: 0.179959 | M145: 0.138343 | N145: 0.0227132 | O145: 1.10805e-09 | P145: 0.270438 | Q145: 0.0161033 | R145: 2.700241e-63 | S145: 0.511551 | T145: 0.0893397 | U145: 1.028818e-08 | V145: 0.003943624 | W145: 20 | X145: 409 | Y145: Yes | Z145: No | AA145: No | AB145: No | AC145: 2.4218376e-05 | AD145: 2.7837213e-07 | AE145: Yes | AF145: Yes | AG145: STAG3L5P | AH145: Global correction covers 2354 disease-probe tests entering SMR Select; it does not correct the preceding region-selection stage. | AI145: No | AJ145: No | AK145: No
A146: eQTLGen + six disease GWAS | B146: iamdgc_lateamd | C146: ENSG00000121716 | D146: 7 | E146: ENSG00000121716 | F146: 99949578 | G146: rs6955367 | H146: 7 | I146: 99961194 | J146: G | K146: A | L146: 0.180982 | M146: 0.137724 | N146: 0.0227045 | O146: 1.29458e-09 | P146: 1.02405 | Q146: 0.00855318 | R146: 0 | S146: 0.13449 | T146: 0.0221998 | U146: 1.376843e-09 | V146: 0.1433701 | W146: 20 | X146: 409 | Y146: Yes | Z146: Yes | AA146: Yes | AB146: Yes | AC146: 3.2410884e-06 | AD146: 4.6972296e-08 | AE146: Yes | AF146: Yes | AG146: PILRB | AH146: Global correction covers 2354 disease-probe tests entering SMR Select; it does not correct the preceding region-selection stage. | AI146: Yes | AJ146: Yes | AK146: Yes
A147: eQTLGen + six disease GWAS | B147: iamdgc_lateamd | C147: ENSG00000085514 | D147: 7 | E147: ENSG00000085514 | F147: 99981436 | G147: rs2005763 | H147: 7 | I147: 99814821 | J147: A | K147: G | L147: 0.263804 | M147: -0.0421297 | N147: 0.0208225 | O147: 0.0430021 | P147: -0.102388 | Q147: 0.0097546 | R147: 8.973675e-26 | S147: 0.41147 | T147: 0.207112 | U147: 0.04695507 | V147: 0.04285581 | W147: 20 | X147: 409 | Y147: No | Z147: Yes | AA147: No | AB147: No | AC147: 1 | AD147: 0.2146257 | AE147: No | AF147: No | AH147: Global correction covers 2354 disease-probe tests entering SMR Select; it does not correct the preceding region-selection stage. | AI147: No | AJ147: No | AK147: No
A148: eQTLGen + six disease GWAS | B148: iamdgc_lateamd | C148: ENSG00000078487 | D148: 7 | E148: ENSG00000078487 | F148: 100012532 | G148: rs35111986 | H148: 7 | I148: 100000274 | J148: A | K148: C | L148: 0.197342 | M148: 0.141079 | N148: 0.0225005 | O148: 3.54079e-10 | P148: -0.264006 | Q148: 0.0100468 | R148: 3.449447e-152 | S148: -0.534378 | T148: 0.0876197 | U148: 1.068485e-09 | V148: 0.04295994 | W148: 20 | X148: 409 | Y148: Yes | Z148: Yes | AA148: No | AB148: Yes | AC148: 2.5152137e-06 | AD148: 3.7540503e-08 | AE148: Yes | AF148: Yes | AG148: ZCWPW1 | AH148: Global correction covers 2354 disease-probe tests entering SMR Select; it does not correct the preceding region-selection stage. | AI148: Yes | AJ148: No | AK148: Yes
A149: eQTLGen + six disease GWAS | B149: iamdgc_lateamd | C149: ENSG00000146834 | D149: 7 | E149: ENSG00000146834 | F149: 100029077 | G149: rs67471932 | H149: 7 | I149: 100009985 | J149: G | K149: C | L149: 0.197342 | M149: 0.138412 | N149: 0.0224085 | O149: 6.42614e-10 | P149: -0.301183 | Q149: 0.0100063 | R149: 4.948665e-199 | S149: -0.459561 | T149: 0.075952 | U149: 1.442418e-09 | V149: 0.03288505 | W149: 20 | X149: 409 | Y149: Yes | Z149: Yes | AA149: No | AB149: Yes | AC149: 3.395452e-06 | AD149: 4.8506457e-08 | AE149: Yes | AF149: Yes | AG149: MEPCE | AH149: Global correction covers 2354 disease-probe tests entering SMR Select; it does not correct the preceding region-selection stage. | AI149: Yes | AJ149: No | AK149: Yes
A150: eQTLGen + six disease GWAS | B150: iamdgc_lateamd | C150: ENSG00000160813 | D150: 7 | E150: ENSG00000160813 | F150: 100033546 | G150: rs11766752 | H150: 7 | I150: 100073292 | J150: G | K150: A | L150: 0.200409 | M150: 0.13778 | N150: 0.0224127 | O150: 7.73232e-10 | P150: -0.0933557 | Q150: 0.0112298 | R150: 9.315502e-17 | S150: -1.47586 | T150: 0.298589 | U150: 7.701511e-07 | V150: 0.2394734 | W150: 20 | X150: 409 | Y150: Yes | Z150: Yes | AA150: Yes | AB150: Yes | AC150: 0.0018129357 | AD150: 1.5495177e-05 | AE150: Yes | AF150: Yes | AG150: PPP1R35 | AH150: Global correction covers 2354 disease-probe tests entering SMR Select; it does not correct the preceding region-selection stage. | AI150: Yes | AJ150: Yes | AK150: Yes
A151: eQTLGen + six disease GWAS | B151: iamdgc_lateamd | C151: ENSG00000185955 | D151: 7 | E151: ENSG00000185955 | F151: 100058066 | G151: rs7787620 | H151: 7 | I151: 100089234 | J151: G | K151: A | L151: 0.200409 | M151: 0.137214 | N151: 0.0224082 | O151: 9.0014e-10 | P151: 0.105502 | Q151: 0.0101954 | R151: 4.273187e-25 | S151: 1.30059 | T151: 0.246797 | U151: 1.365342e-07 | V151: 0.00951552 | W151: 20 | X151: 409 | Y151: Yes | Z151: No | AA151: No | AB151: No | AC151: 0.00032140151 | AD151: 3.2140151e-06 | AE151: Yes | AF151: Yes | AH151: Global correction covers 2354 disease-probe tests entering SMR Select; it does not correct the preceding region-selection stage. | AI151: No | AJ151: No | AK151: No
A152: eQTLGen + six disease GWAS | B152: iamdgc_lateamd | C152: ENSG00000166925 | D152: 7 | E152: ENSG00000166925 | F152: 100068942 | G152: rs3807471 | H152: 7 | I152: 99778945 | J152: G | K152: T | L152: 0.197342 | M152: -0.0335284 | N152: 0.0224483 | O152: 0.135285 | P152: -0.143474 | Q152: 0.00992199 | R152: 2.161691e-47 | S152: 0.23369 | T152: 0.157295 | U152: 0.1373641 | V152: 0.1665483 | W152: 20 | X152: 409 | Y152: No | Z152: Yes | AA152: Yes | AB152: No | AC152: 1 | AD152: 0.41066171 | AE152: No | AF152: No | AH152: Global correction covers 2354 disease-probe tests entering SMR Select; it does not correct the preceding region-selection stage. | AI152: No | AJ152: No | AK152: No
A153: eQTLGen + six disease GWAS | B153: iamdgc_lateamd | C153: ENSG00000106351 | D153: 7 | E153: ENSG00000106351 | F153: 100151338 | G153: rs79803051 | H153: 7 | I153: 100186424 | J153: T | K153: C | L153: 0.0644172 | M153: -0.0158828 | N153: 0.0467021 | O153: 0.73379 | P153: 0.134782 | Q153: 0.0217096 | R153: 5.352713e-10 | S153: -0.117841 | T153: 0.347021 | U153: 0.7341741 | V153: 0.1427402 | W153: 20 | X153: 409 | Y153: No | Z153: Yes | AA153: Yes | AB153: No | AC153: 1 | AD153: 0.89430651 | AE153: No | AF153: No | AH153: Global correction covers 2354 disease-probe tests entering SMR Select; it does not correct the preceding region-selection stage. | AI153: No | AJ153: No | AK153: No
A154: eQTLGen + six disease GWAS | B154: iamdgc_lateamd | C154: ENSG00000077454 | D154: 7 | E154: ENSG00000077454 | F154: 100176815 | G154: rs139621533 | H154: 7 | I154: 99778306 | J154: A | K154: G | L154: 0.00511247 | M154: 0.168386 | N154: 0.100132 | O154: 0.0926382 | P154: -1.09546 | Q154: 0.05206 | R154: 2.695835e-98 | S154: -0.153713 | T154: 0.091698 | U154: 0.09368029 | V154: 0.0725995 | W154: 10 | X154: 409 | Y154: No | Z154: Yes | AA154: Yes | AB154: No | AC154: 1 | AD154: 0.32162633 | AE154: No | AF154: No | AH154: Global correction covers 2354 disease-probe tests entering SMR Select; it does not correct the preceding region-selection stage. | AI154: No | AJ154: No | AK154: No
A155: eQTLGen + six disease GWAS | B155: iamdgc_lateamd | C155: ENSG00000224729 | D155: 7 | E155: ENSG00000224729 | F155: 100194427 | G155: rs2686815 | H155: 7 | I155: 100200674 | J155: C | K155: T | L155: 0.518405 | M155: -0.0246693 | N155: 0.0184609 | O155: 0.181453 | P155: -0.172996 | Q155: 0.021682 | R155: 1.477602e-15 | S155: 0.1426 | T155: 0.108199 | U155: 0.1875225 | V155: 0.003962335 | W155: 20 | X155: 409 | Y155: No | Z155: No | AA155: No | AB155: No | AC155: 1 | AD155: 0.48121312 | AE155: No | AF155: No | AH155: Global correction covers 2354 disease-probe tests entering SMR Select; it does not correct the preceding region-selection stage. | AI155: No | AJ155: No | AK155: No
A156: eQTLGen + six disease GWAS | B156: iamdgc_lateamd | C156: ENSG00000106333 | D156: 7 | E156: ENSG00000106333 | F156: 100202799 | G156: rs62482238 | H156: 7 | I156: 100214762 | J156: A | K156: G | L156: 0.186094 | M156: 0.005365 | N156: 0.0225357 | O156: 0.811829 | P156: 0.0864737 | Q156: 0.010056 | R156: 8.027397e-18 | S156: 0.062042 | T156: 0.260707 | U156: 0.8119001 | V156: 0.3157266 | W156: 20 | X156: 409 | Y156: No | Z156: Yes | AA156: Yes | AB156: No | AC156: 1 | AD156: 0.92847877 | AE156: No | AF156: No | AH156: Global correction covers 2354 disease-probe tests entering SMR Select; it does not correct the preceding region-selection stage. | AI156: No | AJ156: No | AK156: No
A157: eQTLGen + six disease GWAS | B157: iamdgc_lateamd | C157: ENSG00000106330 | D157: 7 | E157: ENSG00000106330 | F157: 100211366 | G157: rs7812123 | H157: 7 | I157: 100211556 | J157: A | K157: C | L157: 0.186094 | M157: 0.00389781 | N157: 0.0225727 | O157: 0.862905 | P157: -0.310945 | Q157: 0.00971736 | R157: 1.129446e-224 | S157: -0.0125354 | T157: 0.072595 | U157: 0.8629065 | V157: 0.4676432 | W157: 20 | X157: 409 | Y157: No | Z157: Yes | AA157: Yes | AB157: No | AC157: 1 | AD157: 0.94478228 | AE157: No | AF157: No | AH157: Global correction covers 2354 disease-probe tests entering SMR Select; it does not correct the preceding region-selection stage. | AI157: No | AJ157: No | AK157: No
...

Sheet S2b_SMR_rule_counts
A1: source_id | B1: rule | C1: pairs | D1: unique_probes | E1: pairs_from_legacy42 | F1: new_pairs_vs_legacy42 | G1: unique_new_probes_vs_legacy42 | H1: interpretation
A2: Derived from S2_SMR_2354tests | B2: legacy_within_disease_Bonferroni_HEIDI_0_01 | C2: 42 | D2: 27 | E2: 42 | F2: 0 | G2: 0 | H2: Legacy candidate catalogue
A3: Derived from S2_SMR_2354tests | B3: legacy42_with_HEIDI_0_05 | C3: 24 | D3: 18 | E3: 24 | F3: 0 | G3: 0 | H3: Legacy candidate catalogue
A4: Derived from S2_SMR_2354tests | B4: global_Bonferroni2354_HEIDI_0_01 | C4: 29 | D4: 19 | E4: 29 | F4: 0 | G4: 0 | H4: Second-stage global sensitivity; BH additions require separate first-stage and locus review
A5: Derived from S2_SMR_2354tests | B5: global_Bonferroni2354_HEIDI_0_05 | C5: 15 | D5: 11 | E5: 15 | F5: 0 | G5: 0 | H5: Second-stage global sensitivity; BH additions require separate first-stage and locus review
A6: Derived from S2_SMR_2354tests | B6: global_BH2354_HEIDI_0_01 | C6: 98 | D6: 63 | E6: 42 | F6: 56 | G6: 46 | H6: Second-stage global sensitivity; BH additions require separate first-stage and locus review
A7: Derived from S2_SMR_2354tests | B7: global_BH2354_HEIDI_0_05 | C7: 67 | D7: 45 | E7: 24 | F7: 43 | G7: 34 | H7: Second-stage global sensitivity; BH additions require separate first-stage and locus review

Sheet S3_forwardMR_full54
A1: source_id | B1: nsnp | C1: IVW_beta | D1: IVW_se | E1: IVW_p | F1: IVW_Q | G1: IVW_Q_df | H1: IVW_Q_p | I1: MR-Egger_beta | J1: MR-Egger_se | K1: MR-Egger_p | L1: Egger_intercept | M1: Egger_intercept_se | N1: Egger_intercept_p | O1: MR-Egger_Q | P1: MR-Egger_Q_df | Q1: MR-Egger_Q_p | R1: Weighted median_beta | S1: Weighted median_se | T1: Weighted median_p | U1: Simple mode_beta | V1: Simple mode_se | W1: Simple mode_p | X1: Weighted mode_beta | Y1: Weighted mode_se | Z1: Weighted mode_p | AA1: Steiger_R2_exposure | AB1: Steiger_R2_outcome | AC1: R2x | AD1: R2y | AE1: Steiger_correct_direction | AF1: Steiger_p | AG1: F_mean | AH1: F_min | AI1: bootstrap_iterations | AJ1: estimator_convention | AK1: layer | AL1: outcome | AM1: input_sha256 | AN1: IVW_ci_low | AO1: IVW_ci_high | AP1: IVW_wald_p | AQ1: IVW_primary_p_check | AR1: MR-Egger_ci_low | AS1: MR-Egger_ci_high | AT1: MR-Egger_wald_p | AU1: MR-Egger_primary_p_check | AV1: Weighted median_ci_low | AW1: Weighted median_ci_high | AX1: Weighted median_wald_p | AY1: Weighted median_primary_p_check | AZ1: Simple mode_ci_low | BA1: Simple mode_ci_high | BB1: Simple mode_wald_p | BC1: Simple mode_primary_p_check | BD1: Weighted mode_ci_low | BE1: Weighted mode_ci_high | BF1: Weighted mode_wald_p | BG1: Weighted mode_primary_p_check | BH1: pipeline_version | BI1: fdr_family_full54 | BJ1: q_full54 | BK1: q_full54_wald | BL1: fdr_family_noGCC48 | BM1: q_noGCC48 | BN1: q_noGCC48_wald | BO1: fdr_family_composite36 | BP1: q_composite36 | BQ1: q_composite36_wald | BR1: q_within_disease_9 | BS1: q_within_disease_9_wald | BT1: analysis_scope | BU1: ci_rule
A2: OCT GWAS + six disease GWAS | B2: 12 | C2: 0.15115845 | D2: 0.17378837 | E2: 0.40299898 | F2: 15.65373 | G2: 11 | H2: 0.15448061 | I2: 0.15664482 | J2: 0.17696632 | K2: 0.39685134 | L2: -0.0068029414 | M2: 0.0086063754 | N2: 0.44760273 | O2: 14.733176 | P2: 10 | Q2: 0.14209683 | R2: 0.22799024 | S2: 0.31271373 | T2: 0.46595877 | U2: 0.44546874 | V2: 0.45173964 | W2: 0.32407505 | X2: 0.49424766 | Y2: 0.45971826 | Z2: 0.28232552 | AA2: 0.012465267 | AB2: 0.00019254041 | AC2: 0.012465267 | AD2: 0.00019254041 | AE2: Yes | AF2: 2.7724125e-42 | AG2: 40.02088 | AH2: 30.712971 | AI2: 10000 | AJ2: project mrtools.mr; nonparametric bootstrap; fixed seeds 1/2/3 | AK2: CSI | AL2: finngen_DM_MACULOPATHY | AM2: 638da4a0eef4b175cd99584a4c02e58a6dbc77834cba7d8bdf30bd8fa95787d3 | AN2: -0.23134718 | AO2: 0.53366408 | AP2: 0.38441812 | AQ2: 0.40299898 | AR2: -0.23766071 | AS2: 0.55095036 | AT2: 0.37606633 | AU2: 0.39685134 | AV2: -0.38491741 | AW2: 0.84089788 | AX2: 0.46595877 | AY2: 0.46595877 | AZ2: -0.43992469 | BA2: 1.3308622 | BB2: 0.32407505 | BC2: 0.32407505 | BD2: -0.40678357 | BE2: 1.3952789 | BF2: 0.28232552 | BG2: 0.28232552 | BH2: 2026-10-25.full54-scdrs.v4 | BI2: Yes | BJ2: 0.54404862 | BK2: 0.51896446 | BL2: Yes | BM2: 0.52280948 | BN2: 0.49870459 | BO2: Yes | BP2: 0.53733197 | BQ2: 0.51255749 | BR2: 0.5908183 | BS2: 0.57662718 | BT2: full54_complete_including_IAMDGC9 | BU2: IVW t nsnp-1; Egger t nsnp-2; median and modes normal; complete Wald sensitivity
A3: OCT GWAS + six disease GWAS | B3: 31 | C3: 0.087915363 | D3: 0.068779362 | E3: 0.21097235 | F3: 34.844521 | G3: 30 | H3: 0.24834174 | I3: 0.11611183 | J3: 0.069519714 | K3: 0.10564016 | L3: -0.0076873285 | M3: 0.0048966991 | N3: 0.12728654 | O3: 32.115188 | P3: 29 | Q3: 0.31484003 | R3: 0.016251077 | S3: 0.130605 | T3: 0.90097545 | U3: 0.29177514 | V3: 0.20007859 | W3: 0.14475713 | X3: 0.022113247 | Y3: 0.18422105 | Z3: 0.90445425 | AA3: 0.055018229 | AB3: 0.00042284776 | AC3: 0.055018229 | AD3: 0.00042284776 | AE3: Yes | AF3: 1.1239217e-201 | AG3: 68.46947 | AH3: 30.817556 | AI3: 10000 | AJ3: project mrtools.mr; nonparametric bootstrap; fixed seeds 1/2/3 | AK3: GCC | AL3: finngen_DM_MACULOPATHY | AM3: fc0eb7c856d4e8b8cc28cd7a83787d729dbabe64ee777d6bdd20a44ff3882e78 | AN3: -0.052550835 | AO3: 0.22838156 | AP3: 0.20117081 | AQ3: 0.21097235 | AR3: -0.026071951 | AS3: 0.25829561 | AT3: 0.094879792 | AU3: 0.10564016 | AV3: -0.23973002 | AW3: 0.27223217 | AX3: 0.90097545 | AY3: 0.90097545 | AZ3: -0.10037169 | BA3: 0.68392197 | BB3: 0.14475713 | BC3: 0.14475713 | BD3: -0.33895338 | BE3: 0.38317987 | BF3: 0.90445425 | BG3: 0.90445425 | BH3: 2026-10-25.full54-scdrs.v4 | BI3: Yes | BJ3: 0.36750023 | BK3: 0.35243192 | BL3: No | BO3: Yes | BP3: 0.36008045 | BQ3: 0.34264215 | BR3: 0.52672172 | BS3: 0.51396322 | BT3: full54_complete_including_IAMDGC9 | BU3: IVW t nsnp-1; Egger t nsnp-2; median and modes normal; complete Wald sensitivity
A4: OCT GWAS + six disease GWAS | B4: 33 | C4: 0.053424901 | D4: 0.083802401 | E4: 0.5283279 | F4: 49.943353 | G4: 32 | H4: 0.022574758 | I4: 0.064457887 | J4: 0.086615453 | K4: 0.46236891 | L4: -0.0034494022 | M4: 0.0057349205 | N4: 0.55189823 | O4: 49.367237 | P4: 31 | Q4: 0.019370289 | R4: -0.043133168 | S4: 0.15672953 | T4: 0.7831567 | U4: 0.32595201 | V4: 0.31179686 | W4: 0.29583876 | X4: -0.035015153 | Y4: 0.21843768 | Z4: 0.87264623 | AA4: 0.055683244 | AB4: 0.00058207053 | AC4: 0.055683244 | AD4: 0.00058207053 | AE4: Yes | AF4: 6.4982131e-198 | AG4: 65.124884 | AH4: 30.13418 | AI4: 10000 | AJ4: project mrtools.mr; nonparametric bootstrap; fixed seeds 1/2/3 | AK4: GCL | AL4: finngen_DM_MACULOPATHY | AM4: 0e8de8618bb4f0001dcf5388eb574f09d92d84977da9c6007557a73a06c672c4 | AN4: -0.117275 | AO4: 0.22412481 | AP4: 0.52379245 | AQ4: 0.5283279 | AR4: -0.11219549 | AS4: 0.24111127 | AT4: 0.4567648 | AU4: 0.46236891 | AV4: -0.35031741 | AW4: 0.26405107 | AX4: 0.7831567 | AY4: 0.7831567 | AZ4: -0.2851586 | BA4: 0.93706262 | BB4: 0.29583876 | BC4: 0.29583876 | BD4: -0.46314515 | BE4: 0.39311484 | BF4: 0.87264623 | BG4: 0.87264623 | BH4: 2026-10-25.full54-scdrs.v4 | BI4: Yes | BJ4: 0.63399347 | BK4: 0.62855094 | BL4: Yes | BM4: 0.60380331 | BN4: 0.59861994 | BO4: No | BR4: 0.5908183 | BS4: 0.58788517 | BT4: full54_complete_including_IAMDGC9 | BU4: IVW t nsnp-1; Egger t nsnp-2; median and modes normal; complete Wald sensitivity
A5: OCT GWAS + six disease GWAS | B5: 51 | C5: -0.067001875 | D5: 0.055630089 | E5: 0.23409854 | F5: 56.450481 | G5: 50 | H5: 0.24658712 | I5: -0.066000297 | J5: 0.056139866 | K5: 0.24541933 | L5: -0.0017478242 | M5: 0.0040962958 | N5: 0.67147833 | O5: 56.241516 | P5: 49 | Q5: 0.22216381 | R5: -0.068081076 | S5: 0.031295679 | T5: 0.029599063 | U5: -0.01088693 | V5: 0.091255599 | W5: 0.90503649 | X5: -0.075278593 | Y5: 0.047518368 | Z5: 0.11314824 | AA5: 0.090160395 | AB5: 0.00066849655 | AC5: 0.090160395 | AD5: 0.00066849655 | AE5: Yes | AF5: 0 | AG5: 68.517018 | AH5: 29.893683 | AI5: 10000 | AJ5: project mrtools.mr; nonparametric bootstrap; fixed seeds 1/2/3 | AK5: INL | AL5: finngen_DM_MACULOPATHY | AM5: 8bc5abeb5874517cf578736613362f7c6d7263ff73b3cca2de3de835e0406725 | AN5: -0.1787382 | AO5: 0.044734447 | AP5: 0.2284281 | AQ5: 0.23409854 | AR5: -0.17881758 | AS5: 0.046816987 | AT5: 0.23973858 | AU5: 0.24541933 | AV5: -0.12941948 | AW5: -0.0067426725 | AX5: 0.029599063 | AY5: 0.029599063 | AZ5: -0.18974462 | BA5: 0.16797076 | BB5: 0.90503649 | BC5: 0.90503649 | BD5: -0.16841288 | BE5: 0.017855698 | BF5: 0.11314824 | BG5: 0.11314824 | BH5: 2026-10-25.full54-scdrs.v4 | BI5: Yes | BJ5: 0.37100886 | BK5: 0.35243192 | BL5: Yes | BM5: 0.36070306 | BN5: 0.34264215 | BO5: Yes | BP5: 0.36008045 | BQ5: 0.34264215 | BR5: 0.52672172 | BS5: 0.51396322 | BT5: full54_complete_including_IAMDGC9 | BU5: IVW t nsnp-1; Egger t nsnp-2; median and modes normal; complete Wald sensitivity
A6: OCT GWAS + six disease GWAS | B6: 42 | C6: 0.030410333 | D6: 0.056117644 | E6: 0.5908183 | F6: 41.298276 | G6: 41 | H6: 0.4575846 | I6: 0.03415157 | J6: 0.058274335 | K6: 0.56113568 | L6: -0.0011856572 | M6: 0.0041856936 | N6: 0.77843523 | O6: 41.215599 | P6: 40 | Q6: 0.41722704 | R6: -0.071135942 | S6: 0.067377225 | T6: 0.29106591 | U6: -0.060856081 | V6: 0.10343136 | W6: 0.55628287 | X6: -0.056026289 | Y6: 0.063250464 | Z6: 0.37573359 | AA6: 0.080728326 | AB6: 0.00047868186 | AC6: 0.080728326 | AD6: 0.00047868186 | AE6: Yes | AF6: 1.2626024e-307 | AG6: 74.248843 | AH6: 30.068125 | AI6: 10000 | AJ6: project mrtools.mr; nonparametric bootstrap; fixed seeds 1/2/3 | AK6: IPL | AL6: finngen_DM_MACULOPATHY | AM6: 24e9e7a526669552981ecb0cd48e948c83e4a7a44fb03d45e817e7ecd90f52ee | AN6: -0.08292155 | AO6: 0.14374221 | AP6: 0.58788517 | AQ6: 0.5908183 | AR6: -0.083625253 | AS6: 0.15192839 | AT6: 0.55784311 | AU6: 0.56113568 | AV6: -0.20319288 | AW6: 0.060920991 | AX6: 0.29106591 | AY6: 0.29106591 | AZ6: -0.26357783 | BA6: 0.14186567 | BB6: 0.55628287 | BC6: 0.55628287 | BD6: -0.17999492 | BE6: 0.067942342 | BF6: 0.37573359 | BG6: 0.37573359 | BH6: 2026-10-25.full54-scdrs.v4 | BI6: Yes | BJ6: 0.67881252 | BK6: 0.67544254 | BL6: Yes | BM6: 0.65951811 | BN6: 0.65624391 | BO6: No | BR6: 0.5908183 | BS6: 0.58788517 | BT6: full54_complete_including_IAMDGC9 | BU6: IVW t nsnp-1; Egger t nsnp-2; median and modes normal; complete Wald sensitivity
A7: OCT GWAS + six disease GWAS | B7: 67 | C7: -0.060734339 | D7: 0.047247938 | E7: 0.20313122 | F7: 89.379489 | G7: 66 | H7: 0.029301748 | I7: -0.060608059 | J7: 0.047620559 | K7: 0.20764795 | L7: -0.00041177533 | M7: 0.0038615634 | N7: 0.91540749 | O7: 89.363856 | P7: 65 | Q7: 0.024233939 | R7: -0.12787629 | S7: 0.076536195 | T7: 0.09476217 | U7: -0.10104283 | V7: 0.2436572 | W7: 0.67836697 | X7: -0.076857913 | Y7: 0.10636588 | Z7: 0.46993763 | AA7: 0.13926395 | AB7: 0.0010543697 | AC7: 0.13926395 | AD7: 0.0010543697 | AE7: Yes | AF7: 0 | AG7: 80.60801 | AH7: 30.850715 | AI7: 10000 | AJ7: project mrtools.mr; nonparametric bootstrap; fixed seeds 1/2/3 | AK7: OPL | AL7: finngen_DM_MACULOPATHY | AM7: 03afa8b153dd8386b3c9cd7e0235a53334feb5b56577ef42d5fda9cc3f6a66e4 | AN7: -0.15506789 | AO7: 0.033599213 | AP7: 0.19863894 | AQ7: 0.20313122 | AR7: -0.15571288 | AS7: 0.034496765 | AT7: 0.20311428 | AU7: 0.20764795 | AV7: -0.27788448 | AW7: 0.022131891 | AX7: 0.09476217 | AY7: 0.09476217 | AZ7: -0.57860217 | BA7: 0.37651651 | BB7: 0.67836697 | BC7: 0.67836697 | BD7: -0.2853312 | BE7: 0.13161538 | BF7: 0.46993763 | BG7: 0.46993763 | BH7: 2026-10-25.full54-scdrs.v4 | BI7: Yes | BJ7: 0.36750023 | BK7: 0.35243192 | BL7: Yes | BM7: 0.35692613 | BN7: 0.34264215 | BO7: Yes | BP7: 0.36008045 | BQ7: 0.34264215 | BR7: 0.52672172 | BS7: 0.51396322 | BT7: full54_complete_including_IAMDGC9 | BU7: IVW t nsnp-1; Egger t nsnp-2; median and modes normal; complete Wald sensitivity
A8: OCT GWAS + six disease GWAS | B8: 49 | C8: -0.0591005 | D8: 0.067721656 | E8: 0.38717295 | F8: 88.292179 | G8: 48 | H8: 0.00035368375 | I8: -0.04132857 | J8: 0.069686952 | K8: 0.55598392 | L8: -0.0055276694 | M8: 0.0052196893 | N8: 0.29501054 | O8: 86.234498 | P8: 47 | Q8: 0.00042274554 | R8: -0.045067025 | S8: 0.11275781 | T8: 0.68939234 | U8: 0.087787096 | V8: 0.12383731 | W8: 0.47839241 | X8: 0.026996005 | Y8: 0.13970353 | Z8: 0.84677273 | AA8: 0.093231229 | AB8: 0.0010321784 | AC8: 0.093231229 | AD8: 0.0010321784 | AE8: Yes | AF8: 0 | AG8: 73.453679 | AH8: 32.225625 | AI8: 10000 | AJ8: project mrtools.mr; nonparametric bootstrap; fixed seeds 1/2/3 | AK8: PS | AL8: finngen_DM_MACULOPATHY | AM8: 19cb334ef756403b0371a3dc95060e65261b602b7b103877a864928883a9a61f | AN8: -0.19526402 | AO8: 0.077063016 | AP8: 0.38282814 | AQ8: 0.38717295 | AR8: -0.18152064 | AS8: 0.098863495 | AT8: 0.55314075 | AU8: 0.55598392 | AV8: -0.26606828 | AW8: 0.17593423 | AX8: 0.68939234 | AY8: 0.68939234 | AZ8: -0.15492957 | BA8: 0.33050376 | BB8: 0.47839241 | BC8: 0.47839241 | BD8: -0.24681789 | BE8: 0.3008099 | BF8: 0.84677273 | BG8: 0.84677273 | BH8: 2026-10-25.full54-scdrs.v4 | BI8: Yes | BJ8: 0.53608563 | BK8: 0.51896446 | BL8: Yes | BM8: 0.5162306 | BN8: 0.49870459 | BO8: Yes | BP8: 0.53608563 | BQ8: 0.51255749 | BR8: 0.5908183 | BS8: 0.57662718 | BT8: full54_complete_including_IAMDGC9 | BU8: IVW t nsnp-1; Egger t nsnp-2; median and modes normal; complete Wald sensitivity
A9: OCT GWAS + six disease GWAS | B9: 36 | C9: 0.076231176 | D9: 0.062342881 | E9: 0.22958564 | F9: 36.342885 | G9: 35 | H9: 0.40592668 | I9: 0.078090914 | J9: 0.06369799 | K9: 0.22863917 | L9: -0.0010160347 | M9: 0.0043343867 | N9: 0.81607062 | O9: 36.284244 | P9: 34 | Q9: 0.36258787 | R9: 0.10543696 | S9: 0.083829811 | T9: 0.20848213 | U9: 0.15320821 | V9: 0.15103466 | W9: 0.3103962 | X9: 0.096402993 | Y9: 0.091866179 | Z9: 0.29400095 | AA9: 0.059493407 | AB9: 0.00043611966 | AC9: 0.059493407 | AD9: 0.00043611966 | AE9: Yes | AF9: 1.3254379e-219 | AG9: 63.764771 | AH9: 30.021577 | AI9: 10000 | AJ9: project mrtools.mr; nonparametric bootstrap; fixed seeds 1/2/3 | AK9: RNFL | AL9: finngen_DM_MACULOPATHY | AM9: 29a03a235006f4e0179b9e87cdde75d983faff6168639a6d03f0986976e6bbb0 | AN9: -0.0503316 | AO9: 0.20279395 | AP9: 0.22141554 | AQ9: 0.22958564 | AR9: -0.051358978 | AS9: 0.2075408 | AT9: 0.22021535 | AU9: 0.22863917 | AV9: -0.058866454 | AW9: 0.26974037 | AX9: 0.20848213 | AY9: 0.20848213 | AZ9: -0.14281429 | BA9: 0.44923071 | BB9: 0.3103962 | BC9: 0.3103962 | BD9: -0.08365141 | BE9: 0.2764574 | BF9: 0.29400095 | BG9: 0.29400095 | BH9: 2026-10-25.full54-scdrs.v4 | BI9: Yes | BJ9: 0.37100886 | BK9: 0.35243192 | BL9: Yes | BM9: 0.36070306 | BN9: 0.34264215 | BO9: No | BR9: 0.52672172 | BS9: 0.51396322 | BT9: full54_complete_including_IAMDGC9 | BU9: IVW t nsnp-1; Egger t nsnp-2; median and modes normal; complete Wald sensitivity
A10: OCT GWAS + six disease GWAS | B10: 16 | C10: -0.10269195 | D10: 0.14960167 | E10: 0.50291219 | F10: 47.760826 | G10: 15 | H10: 2.7790463e-05 | I10: -0.03989251 | J10: 0.15911786 | K10: 0.80568002 | L10: -0.014437035 | M10: 0.013108256 | N10: 0.28931146 | O10: 43.9526 | P10: 14 | Q10: 6.0247982e-05 | R10: -0.034098015 | S10: 0.15462058 | T10: 0.82546073 | U10: -0.10306749 | V10: 0.24214136 | W10: 0.67036283 | X10: -0.03372252 | Y10: 0.15007417 | Z10: 0.82220824 | AA10: 0.033707102 | AB10: 0.00056682278 | AC10: 0.033707102 | AD10: 0.00056682278 | AE10: Yes | AF10: 1.12335e-111 | AG10: 81.409244 | AH10: 32.404284 | AI10: 10000 | AJ10: project mrtools.mr; nonparametric bootstrap; fixed seeds 1/2/3 | AK10: RPE | AL10: finngen_DM_MACULOPATHY | AM10: 6ddbebc768d32658b8bdcd5c94003a3e19383c7aba7c8d92714affeca6ef8d7f | AN10: -0.42156036 | AO10: 0.21617646 | AP10: 0.49243831 | AQ10: 0.50291219 | AR10: -0.38116639 | AS10: 0.30138137 | AT10: 0.80203799 | AU10: 0.80568002 | AV10: -0.33714878 | AW10: 0.26895275 | AX10: 0.82546073 | AY10: 0.82546073 | AZ10: -0.57765584 | BA10: 0.37152086 | BB10: 0.67036283 | BC10: 0.67036283 | BD10: -0.32786249 | BE10: 0.26041745 | BF10: 0.82220824 | BG10: 0.82220824 | BH10: 2026-10-25.full54-scdrs.v4 | BI10: Yes | BJ10: 0.63156414 | BK10: 0.6184109 | BL10: Yes | BM10: 0.60349462 | BN10: 0.59092597 | BO10: Yes | BP10: 0.62430478 | BQ10: 0.61130273 | BR10: 0.5908183 | BS10: 0.58788517 | BT10: full54_complete_including_IAMDGC9 | BU10: IVW t nsnp-1; Egger t nsnp-2; median and modes normal; complete Wald sensitivity
A11: OCT GWAS + six disease GWAS | B11: 12 | C11: 0.23353243 | D11: 0.14238941 | E11: 0.12924079 | F11: 19.207655 | G11: 11 | H11: 0.057466369 | I11: 0.23252743 | J11: 0.14920238 | K11: 0.15018018 | L11: 0.0013054848 | M11: 0.0072520686 | N11: 0.86073597 | O11: 19.145613 | P11: 10 | Q11: 0.038451686 | R11: 0.096074193 | S11: 0.21515919 | T11: 0.65521727 | U11: -0.041561761 | V11: 0.21192095 | W11: 0.84451689 | X11: -0.046680538 | Y11: 0.26561075 | Z11: 0.86049198 | AA11: 0.012465267 | AB11: 7.0758398e-05 | AC11: 0.012465267 | AD11: 7.0758398e-05 | AE11: Yes | AF11: 6.4376217e-47 | AG11: 40.02088 | AH11: 30.712971 | AI11: 10000 | AJ11: project mrtools.mr; nonparametric bootstrap; fixed seeds 1/2/3 | AK11: CSI | AL11: finngen_DRY_AMD | AM11: 6470b071e308bc6e6a4847d0e8688798a208446336167c45fd3da7fbe36a8a82 | AN11: -0.079864556 | AO11: 0.54692942 | AP11: 0.10098503 | AQ11: 0.12924079 | AR11: -0.099916191 | AS11: 0.56497105 | AT11: 0.11912188 | AU11: 0.15018018 | AV11: -0.32563007 | AW11: 0.51777846 | AX11: 0.65521727 | AY11: 0.65521727 | AZ11: -0.4569192 | BA11: 0.37379567 | BB11: 0.84451689 | BC11: 0.84451689 | BD11: -0.56726805 | BE11: 0.47390697 | BF11: 0.86049198 | BG11: 0.86049198 | BH11: 2026-10-25.full54-scdrs.v4 | BI11: Yes | BJ11: 0.28004214 | BK11: 0.22721631 | BL11: Yes | BM11: 0.25929828 | BN11: 0.21075136 | BO11: Yes | BP11: 0.27368637 | BQ11: 0.21385065 | BR11: 0.14539589 | BS11: 0.11360816 | BT11: full54_complete_including_IAMDGC9 | BU11: IVW t nsnp-1; Egger t nsnp-2; median and modes normal; complete Wald sensitivity
A12: OCT GWAS + six disease GWAS | B12: 31 | C12: 0.14774517 | D12: 0.05668914 | E12: 0.014117318 | F12: 43.332185 | G12: 30 | H12: 0.054756947 | I12: 0.14050103 | J12: 0.059489828 | K12: 0.02511733 | L12: 0.0019594329 | M12: 0.0041859364 | N12: 0.64321288 | O12: 43.007233 | P12: 29 | Q12: 0.045458627 | R12: 0.14007869 | S12: 0.11066957 | T12: 0.20560686 | U12: 0.010213682 | V12: 0.20815297 | W12: 0.96086498 | X12: -0.010843548 | Y12: 0.16947877 | Z12: 0.94898476 | AA12: 0.055018229 | AB12: 0.00015730642 | AC12: 0.055018229 | AD12: 0.00015730642 | AE12: Yes | AF12: 1.3202156e-216 | AG12: 68.46947 | AH12: 30.817556 | AI12: 10000 | AJ12: project mrtools.mr; nonparametric bootstrap; fixed seeds 1/2/3 | AK12: GCC | AL12: finngen_DRY_AMD | AM12: a15f16abaf55be891a03d52d371fead32c5f0f22742887c5aff5a3312aadd38d | AN12: 0.031970499 | AO12: 0.26351984 | AP12: 0.0091543878 | AQ12: 0.014117318 | AR12: 0.018830672 | AS12: 0.26217139 | AT12: 0.018188136 | AU12: 0.02511733 | AV12: -0.076829676 | AW12: 0.35698705 | AX12: 0.20560686 | AY12: 0.20560686 | AZ12: -0.39775863 | BA12: 0.418186 | BB12: 0.96086498 | BC12: 0.96086498 | BD12: -0.34301583 | BE12: 0.32132873 | BF12: 0.94898476 | BG12: 0.94898476 | BH12: 2026-10-25.full54-scdrs.v4 | BI12: Yes | BJ12: 0.1077225 | BK12: 0.066761784 | BL12: No | BO12: Yes | BP12: 0.1077225 | BQ12: 0.081262722 | BR12: 0.042351953 | BS12: 0.022253928 | BT12: full54_complete_including_IAMDGC9 | BU12: IVW t nsnp-1; Egger t nsnp-2; median and modes normal; complete Wald sensitivity
A13: OCT GWAS + six disease GWAS | B13: 33 | C13: 0.21348792 | D13: 0.063709038 | E13: 0.0020778585 | F13: 53.003226 | G13: 32 | H13: 0.011210494 | I13: 0.20814794 | J13: 0.066082034 | K13: 0.003604105 | L13: 0.0016659374 | M13: 0.0043740752 | N13: 0.70590019 | O13: 52.756362 | P13: 31 | Q13: 0.0087232702 | R13: 0.16494076 | S13: 0.12926954 | T13: 0.20197513 | U13: 0.46714253 | V13: 0.25270601 | W13: 0.064521196 | X13: 0.05549919 | Y13: 0.18755876 | Z13: 0.7673042 | AA13: 0.055683244 | AB13: 0.00021194644 | AC13: 0.055683244 | AD13: 0.00021194644 | AE13: Yes | AF13: 1.2746101e-215 | AG13: 65.124884 | AH13: 30.13418 | AI13: 10000 | AJ13: project mrtools.mr; nonparametric bootstrap; fixed seeds 1/2/3 | AK13: GCL | AL13: finngen_DRY_AMD | AM13: 68a0e4c133f3b586ab58487d1b1319d76f4a6db03553078a2bb5235ac604cd50 | AN13: 0.083716852 | AO13: 0.34325898 | AP13: 0.0008052519 | AQ13: 0.0020778585 | AR13: 0.073372743 | AS13: 0.34292314 | AT13: 0.0016335901 | AU13: 0.003604105 | AV13: -0.088422879 | AW13: 0.4183044 | AX13: 0.20197513 | AY13: 0.20197513 | AZ13: -0.028152146 | BA13: 0.96243722 | BB13: 0.064521196 | BC13: 0.064521196 | BD13: -0.31210922 | BE13: 0.4231076 | BF13: 0.7673042 | BG13: 0.7673042 | BH13: 2026-10-25.full54-scdrs.v4 | BI13: Yes | BJ13: 0.037401453 | BK13: 0.014494534 | BL13: Yes | BM13: 0.033245736 | BN13: 0.01288403 | BO13: No | BR13: 0.018700726 | BS13: 0.0072472671 | BT13: full54_complete_including_IAMDGC9 | BU13: IVW t nsnp-1; Egger t nsnp-2; median and modes normal; complete Wald sensitivity
A14: OCT GWAS + six disease GWAS | B14: 51 | C14: 0.11534544 | D14: 0.049969324 | E14: 0.025154974 | F14: 85.101715 | G14: 50 | H14: 0.0014376175 | I14: 0.11705662 | J14: 0.050169769 | K14: 0.023785481 | L14: -0.0030564131 | M14: 0.0036913462 | N14: 0.41168851 | O14: 83.92746 | P14: 49 | Q14: 0.0013964005 | R14: 0.17293814 | S14: 0.086773839 | T14: 0.04626412 | U14: 0.11626893 | V14: 0.13112145 | W14: 0.37522588 | X14: 0.1467268 | Y14: 0.089676141 | Z14: 0.10180077 | AA14: 0.090160395 | AB14: 0.00027874979 | AC14: 0.090160395 | AD14: 0.00027874979 | AE14: Yes | AF14: 0 | AG14: 68.517018 | AH14: 29.893683 | AI14: 10000 | AJ14: project mrtools.mr; nonparametric bootstrap; fixed seeds 1/2/3 | AK14: INL | AL14: finngen_DRY_AMD | AM14: 4e65a27efc94db76e244e294e6f01ba55860294d4e4120bbd878be864a90063a | AN14: 0.014979099 | AO14: 0.21571178 | AP14: 0.020981067 | AQ14: 0.025154974 | AR14: 0.016236694 | AS14: 0.21787655 | AT14: 0.019637113 | AU14: 0.023785481 | AV14: 0.0028645435 | AW14: 0.34301174 | AX14: 0.04626412 | AY14: 0.04626412 | AZ14: -0.14072438 | BA14: 0.37326224 | BB14: 0.37522588 | BC14: 0.37522588 | BD14: -0.029035204 | BE14: 0.32248881 | BF14: 0.10180077 | BG14: 0.10180077 | BH14: 2026-10-25.full54-scdrs.v4 | BI14: Yes | BJ14: 0.1077225 | BK14: 0.085056001 | BL14: Yes | BM14: 0.10259286 | BN14: 0.081421129 | BO14: Yes | BP14: 0.1077225 | BQ14: 0.088206223 | BR14: 0.045278953 | BS14: 0.03776592 | BT14: full54_complete_including_IAMDGC9 | BU14: IVW t nsnp-1; Egger t nsnp-2; median and modes normal; complete Wald sensitivity
A15: OCT GWAS + six disease GWAS | B15: 42 | C15: 0.13770443 | D15: 0.051136337 | E15: 0.010213065 | F15: 63.358868 | G15: 41 | H15: 0.014066451 | I15: 0.15016313 | J15: 0.052463739 | K15: 0.0066627688 | L15: -0.0039405064 | M15: 0.0037818448 | N15: 0.30369016 | O15: 61.684643 | P15: 40 | Q15: 0.015409124 | R15: 0.17139666 | S15: 0.074400939 | T15: 0.021240083 | U15: -0.027667229 | V15: 0.13478293 | W15: 0.83735923 | X15: 0.18596619 | Y15: 0.10558621 | Z15: 0.07819213 | AA15: 0.080728326 | AB15: 0.00022071551 | AC15: 0.080728326 | AD15: 0.00022071551 | AE15: Yes | AF15: 0 | AG15: 74.248843 | AH15: 30.068125 | AI15: 10000 | AJ15: project mrtools.mr; nonparametric bootstrap; fixed seeds 1/2/3 | AK15: IPL | AL15: finngen_DRY_AMD | AM15: 361ccea0c0e64e85d97c98c966c39b0ae962a79811acc1d59746e9ec3574a6ad | AN15: 0.034432498 | AO15: 0.24097635 | AP15: 0.0070836071 | AQ15: 0.010213065 | AR15: 0.044129955 | AS15: 0.2561963 | AT15: 0.0042067558 | AU15: 0.0066627688 | AV15: 0.025573497 | AW15: 0.31721982 | AX15: 0.021240083 | AY15: 0.021240083 | AZ15: -0.29183692 | BA15: 0.23650246 | BB15: 0.83735923 | BC15: 0.83735923 | BD15: -0.020978979 | BE15: 0.39291135 | BF15: 0.07819213 | BG15: 0.07819213 | BH15: 2026-10-25.full54-scdrs.v4 | BI15: Yes | BJ15: 0.091917581 | BK15: 0.063752464 | BL15: Yes | BM15: 0.081704517 | BN15: 0.056668857 | BO15: No | BR15: 0.042351953 | BS15: 0.022253928 | BT15: full54_complete_including_IAMDGC9 | BU15: IVW t nsnp-1; Egger t nsnp-2; median and modes normal; complete Wald sensitivity
A16: OCT GWAS + six disease GWAS | B16: 67 | C16: 0.06495463 | D16: 0.036853874 | E16: 0.082616202 | F16: 100.08515 | G16: 66 | H16: 0.0043208294 | I16: 0.065610642 | J16: 0.036988663 | K16: 0.080779396 | L16: -0.0022391354 | M16: 0.0030005128 | N16: 0.45820642 | O16: 99.234946 | P16: 65 | Q16: 0.004010954 | R16: 0.016902405 | S16: 0.045792286 | T16: 0.71204549 | U16: 0.12879131 | V16: 0.065277949 | W16: 0.0484992 | X16: 0.033493619 | Y16: 0.069682074 | Z16: 0.63075578 | AA16: 0.13926395 | AB16: 0.00031019763 | AC16: 0.13926395 | AD16: 0.00031019763 | AE16: Yes | AF16: 0 | AG16: 80.60801 | AH16: 30.850715 | AI16: 10000 | AJ16: project mrtools.mr; nonparametric bootstrap; fixed seeds 1/2/3 | AK16: OPL | AL16: finngen_DRY_AMD | AM16: 69e5bfa6df357dffbe6baab5f75cdf1839d6b53c9dc07d0ee311353618f0bc45 | AN16: -0.0086265038 | AO16: 0.13853576 | AP16: 0.077986337 | AQ16: 0.082616202 | AR16: -0.0082608179 | AS16: 0.1394821 | AT16: 0.076095555 | AU16: 0.080779396 | AV16: -0.072848825 | AW16: 0.10665364 | AX16: 0.71204549 | AY16: 0.71204549 | AZ16: 0.00084888018 | BA16: 0.25673374 | BB16: 0.0484992 | BC16: 0.0484992 | BD16: -0.10308074 | BE16: 0.17006797 | BF16: 0.63075578 | BG16: 0.63075578 | BH16: 2026-10-25.full54-scdrs.v4 | BI16: Yes | BJ16: 0.21244166 | BK16: 0.19480105 | BL16: Yes | BM16: 0.19827888 | BN16: 0.18102724 | BO16: Yes | BP16: 0.21244166 | BQ16: 0.18668434 | BR16: 0.10622083 | BS16: 0.10026815 | BT16: full54_complete_including_IAMDGC9 | BU16: IVW t nsnp-1; Egger t nsnp-2; median and modes normal; complete Wald sensitivity
A17: OCT GWAS + six disease GWAS | B17: 49 | C17: -0.51939818 | D17: 0.28351029 | E17: 0.07315598 | F17: 2866.9777 | G17: 48 | H17: 0 | I17: -0.53854237 | J17: 0.29443029 | K17: 0.073733077 | L17: 0.0061578049 | M17: 0.022135492 | N17: 0.78208906 | O17: 2862.2648 | P17: 47 | Q17: 0 | R17: -0.020617139 | S17: 0.093268723 | T17: 0.82505277 | U17: 0.13367325 | V17: 0.086640469 | W17: 0.12286716 | X17: 0.1006211 | Y17: 0.098165743 | Z17: 0.30535733 | AA17: 0.093231229 | AB17: 0.0090477314 | AC17: 0.093231229 | AD17: 0.0090477314 | AE17: Yes | AF17: 1.6513774e-204 | AG17: 73.453679 | AH17: 32.225625 | AI17: 10000 | AJ17: project mrtools.mr; nonparametric bootstrap; fixed seeds 1/2/3 | AK17: PS | AL17: finngen_DRY_AMD | AM17: c01b9e4fe5c92cd764760b69009e94cb8a206fa5d2456a6ce72aacdee07dd572 | AN17: -1.0894338 | AO17: 0.050637463 | AP17: 0.066947569 | AQ17: 0.07315598 | AR17: -1.1308597 | AS17: 0.053774965 | AT17: 0.067384663 | AU17: 0.073733077 | AV17: -0.20342048 | AW17: 0.1621862 | AX17: 0.82505277 | AY17: 0.82505277 | AZ17: -0.036138945 | BA17: 0.30348545 | BB17: 0.12286716 | BC17: 0.12286716 | BD17: -0.091780217 | BE17: 0.29302243 | BF17: 0.30535733 | BG17: 0.30535733 | BH17: 2026-10-25.full54-scdrs.v4 | BI17: Yes | BJ17: 0.207917 | BK17: 0.19027204 | BL17: Yes | BM17: 0.19508261 | BN17: 0.17852685 | BO17: Yes | BP17: 0.21244166 | BQ17: 0.18668434 | BR17: 0.10622083 | BS17: 0.10026815 | BT17: full54_complete_including_IAMDGC9 | BU17: IVW t nsnp-1; Egger t nsnp-2; median and modes normal; complete Wald sensitivity
A18: OCT GWAS + six disease GWAS | B18: 36 | C18: 0.055839505 | D18: 0.059934049 | E18: 0.35788321 | F18: 61.639701 | G18: 35 | H18: 0.0035800381 | I18: 0.05539394 | J18: 0.061294084 | K18: 0.37249206 | L18: 0.00024068917 | M18: 0.0041698615 | N18: 0.95430866 | O18: 61.633661 | P18: 34 | Q18: 0.0025674462 | R18: -0.061086541 | S18: 0.07764527 | T18: 0.43143483 | U18: -0.053381407 | V18: 0.078865673 | W18: 0.49849167 | X18: -0.040886374 | Y18: 0.079538008 | Z18: 0.60721825 | AA18: 0.059493407 | AB18: 0.00018698082 | AC18: 0.059493407 | AD18: 0.00018698082 | AE18: Yes | AF18: 1.4101522e-233 | AG18: 63.764771 | AH18: 30.021577 | AI18: 10000 | AJ18: project mrtools.mr; nonparametric bootstrap; fixed seeds 1/2/3 | AK18: RNFL | AL18: finngen_DRY_AMD | AM18: 93df54541467b8798c6b751542a027fef0502e39eb90819f3920f7513113b39e | AN18: -0.065833083 | AO18: 0.17751209 | AP18: 0.35150063 | AQ18: 0.35788321 | AR18: -0.069170626 | AS18: 0.17995851 | AT18: 0.36613307 | AU18: 0.37249206 | AV18: -0.21326848 | AW18: 0.091095392 | AX18: 0.43143483 | AY18: 0.43143483 | AZ18: -0.20795529 | BA18: 0.10119247 | BB18: 0.49849167 | BC18: 0.49849167 | BD18: -0.19677801 | BE18: 0.11500526 | BF18: 0.60721825 | BG18: 0.60721825 | BH18: 2026-10-25.full54-scdrs.v4 | BI18: Yes | BJ18: 0.50857087 | BK18: 0.49950089 | BL18: Yes | BM18: 0.49081125 | BN18: 0.482058 | BO18: No | BR18: 0.35788321 | BS18: 0.35150063 | BT18: full54_complete_including_IAMDGC9 | BU18: IVW t nsnp-1; Egger t nsnp-2; median and modes normal; complete Wald sensitivity
A19: OCT GWAS + six disease GWAS | B19: 16 | C19: -1.4002248 | D19: 0.54280071 | E19: 0.020930079 | F19: 1149.8682 | G19: 15 | H19: 9.5411074e-236 | I19: -1.3142371 | J19: 0.59799896 | K19: 0.045293025 | L19: -0.019873216 | M19: 0.049322607 | N19: 0.69309047 | O19: 1136.687 | P19: 14 | Q19: 7.0225367e-234 | R19: -0.49945624 | S19: 1.0256806 | T19: 0.62629303 | U19: -0.18114492 | V19: 0.17549737 | W19: 0.30198767 | X19: -0.1407639 | Y19: 1.381389 | Z19: 0.91883584 | AA19: 0.033707102 | AB19: 0.0048977247 | AC19: 0.033707102 | AD19: 0.0048977247 | AE19: Yes | AF19: 7.2315673e-58 | AG19: 81.409244 | AH19: 32.404284 | AI19: 10000 | AJ19: project mrtools.mr; nonparametric bootstrap; fixed seeds 1/2/3 | AK19: RPE | AL19: finngen_DRY_AMD | AM19: 1310a926b43f9a3fdc99c05b33b88f3f54d5ef4cf4edc2e33c23f82d019661d3 | AN19: -2.5571771 | AO19: -0.24327243 | AP19: 0.0098906347 | AQ19: 0.020930079 | AR19: -2.5968173 | AS19: -0.031656881 | AT19: 0.02796873 | AU19: 0.045293025 | AV19: -2.5097533 | AW19: 1.5108408 | AX19: 0.62629303 | AY19: 0.62629303 | AZ19: -0.52511344 | BA19: 0.1628236 | BB19: 0.30198767 | BC19: 0.30198767 | BD19: -2.8482365 | BE19: 2.5667087 | BF19: 0.91883584 | BG19: 0.91883584 | BH19: 2026-10-25.full54-scdrs.v4 | BI19: Yes | BJ19: 0.1077225 | BK19: 0.066761784 | BL19: Yes | BM19: 0.10259286 | BN19: 0.067821495 | BO19: Yes | BP19: 0.1077225 | BQ19: 0.081262722 | BR19: 0.045278953 | BS19: 0.022253928 | BT19: full54_complete_including_IAMDGC9 | BU19: IVW t nsnp-1; Egger t nsnp-2; median and modes normal; complete Wald sensitivity
A20: OCT GWAS + six disease GWAS | B20: 12 | C20: 0.29038429 | D20: 0.16683007 | E20: 0.1096141 | F20: 15.199922 | G20: 11 | H20: 0.17352613 | I20: 0.28745997 | J20: 0.17319626 | K20: 0.1279552 | L20: 0.0039475801 | M20: 0.0084262289 | N20: 0.64948148 | O20: 14.873479 | P20: 10 | Q20: 0.13674313 | R20: 0.26287246 | S20: 0.17589687 | T20: 0.13505301 | U20: 0.2302825 | V20: 0.20066701 | W20: 0.25113982 | X20: 0.25031179 | Y20: 0.21047791 | Z20: 0.23433955 | AA20: 0.012465267 | AB20: 4.2142708e-05 | AC20: 0.012465267 | AD20: 4.2142708e-05 | AE20: Yes | AF20: 1.3227056e-48 | AG20: 40.02088 | AH20: 30.712971 | AI20: 10000 | AJ20: project mrtools.mr; nonparametric bootstrap; fixed seeds 1/2/3 | AK20: CSI | AL20: finngen_H7_RETIVASCOCCLUSION | AM20: 8a2b9f8830c136a711ad0a236eedecb66ebf9e91d884cb6974f7269fd0e75d97 | AN20: -0.076806206 | AO20: 0.65757479 | AP20: 0.081753843 | AQ20: 0.1096141 | AR20: -0.098445338 | AS20: 0.67336528 | AT20: 0.09696768 | AU20: 0.1279552 | AV20: -0.081879061 | AW20: 0.60762399 | AX20: 0.13505301 | AY20: 0.13505301 | AZ20: -0.16301762 | BA20: 0.62358263 | BB20: 0.25113982 | BC20: 0.25113982 | BD20: -0.16221733 | BE20: 0.6628409 | BF20: 0.23433955 | BG20: 0.23433955 | BH20: 2026-10-25.full54-scdrs.v4 | BI20: Yes | BJ20: 0.25735485 | BK20: 0.19480105 | BL20: Yes | BM20: 0.23915804 | BN20: 0.18102724 | BO20: Yes | BP20: 0.24663173 | BQ20: 0.18668434 | BR20: 0.19730539 | BS20: 0.14715692 | BT20: full54_complete_including_IAMDGC9 | BU20: IVW t nsnp-1; Egger t nsnp-2; median and modes normal; complete Wald sensitivity
A21: OCT GWAS + six disease GWAS | B21: 31 | C21: -0.038044852 | D21: 0.074018412 | E21: 0.61102329 | F21: 42.576649 | G21: 30 | H21: 0.063820692 | I21: -0.035525794 | J21: 0.077931136 | K21: 0.65188503 | L21: -0.00068389629 | M21: 0.0054881617 | N21: 0.90168972 | O21: 42.553863 | P21: 29 | Q21: 0.050032635 | R21: 0.050478328 | S21: 0.077836373 | T21: 0.51664965 | U21: 0.082035453 | V21: 0.073195768 | W21: 0.26238676 | X21: 0.046623104 | Y21: 0.082747752 | Z21: 0.57313769 | AA21: 0.055018229 | AB21: 9.3369729e-05 | AC21: 0.055018229 | AD21: 9.3369729e-05 | AE21: Yes | AF21: 4.2742909e-222 | AG21: 68.46947 | AH21: 30.817556 | AI21: 10000 | AJ21: project mrtools.mr; nonparametric bootstrap; fixed seeds 1/2/3 | AK21: GCC | AL21: finngen_H7_RETIVASCOCCLUSION | AM21: c5da0344e6b598c57ede543565d0388a46980f120583532514574ae97ca087b7 | AN21: -0.18921062 | AO21: 0.11312091 | AP21: 0.60725777 | AQ21: 0.61102329 | AR21: -0.19491286 | AS21: 0.12386128 | AT21: 0.64848967 | AU21: 0.65188503 | AV21: -0.10207816 | AW21: 0.20303482 | AX21: 0.51664965 | AY21: 0.51664965 | AZ21: -0.061425617 | BA21: 0.22549652 | BB21: 0.26238676 | BC21: 0.26238676 | BD21: -0.11555951 | BE21: 0.20880572 | BF21: 0.57313769 | BG21: 0.57313769 | BH21: 2026-10-25.full54-scdrs.v4 | BI21: Yes | BJ21: 0.6874012 | BK21: 0.68316499 | BL21: No | BO21: Yes | BP21: 0.70957543 | BQ21: 0.70520257 | BR21: 0.6874012 | BS21: 0.68316499 | BT21: full54_complete_including_IAMDGC9 | BU21: IVW t nsnp-1; Egger t nsnp-2; median and modes normal; complete Wald sensitivity
A22: OCT GWAS + six disease GWAS | B22: 33 | C22: 0.15163476 | D22: 0.065299851 | E22: 0.026746851 | F22: 27.720597 | G22: 32 | H22: 0.68310749 | I22: 0.13918833 | J22: 0.066796272 | K22: 0.045515425 | L22: 0.0039155993 | M22: 0.0044230864 | N22: 0.38282972 | O22: 26.936905 | P22: 31 | Q22: 0.6753391 | R22: 0.1015574 | S22: 0.11482826 | T22: 0.37646488 | U22: 0.2281382 | V22: 0.10464395 | W22: 0.029247268 | X22: 0.10509924 | Y22: 0.15347546 | Z22: 0.49347324 | AA22: 0.055683244 | AB22: 7.1982747e-05 | AC22: 0.055683244 | AD22: 7.1982747e-05 | AE22: Yes | AF22: 2.9499517e-227 | AG22: 65.124884 | AH22: 30.13418 | AI22: 10000 | AJ22: project mrtools.mr; nonparametric bootstrap; fixed seeds 1/2/3 | AK22: GCL | AL22: finngen_H7_RETIVASCOCCLUSION | AM22: cbb10296438bea6b3098669b6222ff8be765cda5bc5cd42b815fb1ee66510fe3 | AN22: 0.018623314 | AO22: 0.2846462 | AP22: 0.020225924 | AQ22: 0.026746851 | AR22: 0.0029564338 | AS22: 0.27542022 | AT22: 0.037180738 | AU22: 0.045515425 | AV22: -0.12350185 | AW22: 0.32661665 | AX22: 0.37646488 | AY22: 0.37646488 | AZ22: 0.02303983 | BA22: 0.43323657 | BB22: 0.029247268 | BC22: 0.029247268 | BD22: -0.19570714 | BE22: 0.40590562 | BF22: 0.49347324 | BG22: 0.49347324 | BH22: 2026-10-25.full54-scdrs.v4 | BI22: Yes | BJ22: 0.1077225 | BK22: 0.085056001 | BL22: Yes | BM22: 0.10259286 | BN22: 0.081421129 | BO22: No | BR22: 0.08976875 | BS22: 0.07944015 | BT22: full54_complete_including_IAMDGC9 | BU22: IVW t nsnp-1; Egger t nsnp-2; median and modes normal; complete Wald sensitivity
A23: OCT GWAS + six disease GWAS | B23: 51 | C23: 0.070881258 | D23: 0.058580412 | E23: 0.23197523 | F23: 66.601486 | G23: 50 | H23: 0.058151915 | I23: 0.07180278 | J23: 0.059141628 | K23: 0.23053562 | L23: -0.0016226904 | M23: 0.0043292675 | N23: 0.70941272 | O23: 66.411077 | P23: 49 | Q23: 0.049385809 | R23: 0.11691176 | S23: 0.054928038 | T23: 0.033299526 | U23: 0.029394193 | V23: 0.12218183 | W23: 0.80988263 | X23: 0.10707455 | Y23: 0.071570529 | Z23: 0.13463532 | AA23: 0.090160395 | AB23: 0.00014902054 | AC23: 0.090160395 | AD23: 0.00014902054 | AE23: Yes | AF23: 0 | AG23: 68.517018 | AH23: 29.893683 | AI23: 10000 | AJ23: project mrtools.mr; nonparametric bootstrap; fixed seeds 1/2/3 | AK23: INL | AL23: finngen_H7_RETIVASCOCCLUSION | AM23: 304f69a109b2c8b72ee57cf335fd308a5efc6390ed25e29af18e0967c0541adf | AN23: -0.046780962 | AO23: 0.18854348 | AP23: 0.22628571 | AQ23: 0.23197523 | AR23: -0.047046771 | AS23: 0.19065233 | AT23: 0.22471645 | AU23: 0.23053562 | AV23: 0.0092547824 | AW23: 0.22456874 | AX23: 0.033299526 | AY23: 0.033299526 | AZ23: -0.2100778 | BA23: 0.26886618 | BB23: 0.80988263 | BC23: 0.80988263 | BD23: -0.033201113 | BE23: 0.24735021 | BF23: 0.13463532 | BG23: 0.13463532 | BH23: 2026-10-25.full54-scdrs.v4 | BI23: Yes | BJ23: 0.37100886 | BK23: 0.35243192 | BL23: Yes | BM23: 0.36070306 | BN23: 0.34264215 | BO23: Yes | BP23: 0.36008045 | BQ23: 0.34264215 | BR23: 0.30917405 | BS23: 0.29093877 | BT23: full54_complete_including_IAMDGC9 | BU23: IVW t nsnp-1; Egger t nsnp-2; median and modes normal; complete Wald sensitivity
A24: OCT GWAS + six disease GWAS | B24: 42 | C24: 0.11409574 | D24: 0.054385065 | E24: 0.042117751 | F24: 36.916888 | G24: 41 | H24: 0.65264623 | I24: 0.13131476 | J24: 0.05582951 | K24: 0.023679325 | L24: -0.0054803924 | M24: 0.0040158108 | N24: 0.17997441 | O24: 35.054471 | P24: 40 | Q24: 0.69220016 | R24: 0.20374225 | S24: 0.074359038 | T24: 0.0061442997 | U24: 0.14971648 | V24: 0.11294261 | W24: 0.18497292 | X24: 0.19314035 | Y24: 0.068573167 | Z24: 0.0048541182 | AA24: 0.080728326 | AB24: 8.9819773e-05 | AC24: 0.080728326 | AD24: 8.9819773e-05 | AE24: Yes | AF24: 0 | AG24: 74.248843 | AH24: 30.068125 | AI24: 10000 | AJ24: project mrtools.mr; nonparametric bootstrap; fixed seeds 1/2/3 | AK24: IPL | AL24: finngen_H7_RETIVASCOCCLUSION | AM24: 8fac8a551b439de55c0c76aede0fbfc9a23412ea7ff995f9362b5021dac1a21c | AN24: 0.0042628727 | AO24: 0.22392861 | AP24: 0.035911849 | AQ24: 0.042117751 | AR24: 0.018479108 | AS24: 0.2441504 | AT24: 0.018669404 | AU24: 0.023679325 | AV24: 0.058001211 | AW24: 0.34948328 | AX24: 0.0061442997 | AY24: 0.0061442997 | AZ24: -0.071646959 | BA24: 0.37107992 | BB24: 0.18497292 | BC24: 0.18497292 | BD24: 0.058739408 | BE24: 0.32754129 | BF24: 0.0048541182 | BG24: 0.0048541182 | BH24: 2026-10-25.full54-scdrs.v4 | BI24: Yes | BJ24: 0.14079818 | BK24: 0.11407293 | BL24: Yes | BM24: 0.13251594 | BN24: 0.10773555 | BO24: No | BR24: 0.094764939 | BS24: 0.08080166 | BT24: full54_complete_including_IAMDGC9 | BU24: IVW t nsnp-1; Egger t nsnp-2; median and modes normal; complete Wald sensitivity
A25: OCT GWAS + six disease GWAS | B25: 67 | C25: 0.10693364 | D25: 0.048187883 | E25: 0.029922917 | F25: 98.375115 | G25: 66 | H25: 0.0060011071 | I25: 0.10786126 | J25: 0.048346895 | K25: 0.029138463 | L25: -0.0030541718 | M25: 0.0039220712 | N25: 0.43897394 | O25: 97.46584 | P25: 65 | Q25: 0.0056551433 | R25: 9.1773711e-05 | S25: 0.092769846 | T25: 0.99921068 | U25: 0.064221707 | V25: 0.1179578 | W25: 0.58613429 | X25: 0.0099984349 | Y25: 0.14490458 | Z25: 0.94498952 | AA25: 0.13926395 | AB25: 0.00022980871 | AC25: 0.13926395 | AD25: 0.00022980871 | AE25: Yes | AF25: 0 | AG25: 80.60801 | AH25: 30.850715 | AI25: 10000 | AJ25: project mrtools.mr; nonparametric bootstrap; fixed seeds 1/2/3 | AK25: OPL | AL25: finngen_H7_RETIVASCOCCLUSION | AM25: 3ed8b05eb44613832802916fb64ee71a4ef4060dce9d89028309a14c38f9c9ec | AN25: 0.010723428 | AO25: 0.20314385 | AP25: 0.02648005 | AQ25: 0.029922917 | AR25: 0.011305846 | AS25: 0.20441668 | AT25: 0.025682033 | AU25: 0.029138463 | AV25: -0.18173378 | AW25: 0.18191733 | AX25: 0.99921068 | AY25: 0.99921068 | AZ25: -0.16697134 | BA25: 0.29541475 | BB25: 0.58613429 | BC25: 0.58613429 | BD25: -0.27400932 | BE25: 0.29400619 | BF25: 0.94498952 | BG25: 0.94498952 | BH25: 2026-10-25.full54-scdrs.v4 | BI25: Yes | BJ25: 0.1077225 | BK25: 0.09532818 | BL25: Yes | BM25: 0.10259286 | BN25: 0.090788743 | BO25: Yes | BP25: 0.1077225 | BQ25: 0.09532818 | BR25: 0.08976875 | BS25: 0.07944015 | BT25: full54_complete_including_IAMDGC9 | BU25: IVW t nsnp-1; Egger t nsnp-2; median and modes normal; complete Wald sensitivity
A26: OCT GWAS + six disease GWAS | B26: 49 | C26: -0.010929188 | D26: 0.07231384 | E26: 0.88050222 | F26: 106.55488 | G26: 48 | H26: 2.4865137e-06 | I26: -0.012300652 | J26: 0.075360956 | K26: 0.87104257 | L26: 0.00042061349 | M26: 0.0056496718 | N26: 0.94096894 | O26: 106.54232 | P26: 47 | Q26: 1.6237806e-06 | R26: -0.0074406685 | S26: 0.060978362 | T26: 0.90288203 | U26: 0.022929379 | V26: 0.078834111 | W26: 0.7711614 | X26: -0.01051002 | Y26: 0.075126052 | Z26: 0.88874021 | AA26: 0.093231229 | AB26: 0.00023174284 | AC26: 0.093231229 | AD26: 0.00023174284 | AE26: Yes | AF26: 0 | AG26: 73.453679 | AH26: 32.225625 | AI26: 10000 | AJ26: project mrtools.mr; nonparametric bootstrap; fixed seeds 1/2/3 | AK26: PS | AL26: finngen_H7_RETIVASCOCCLUSION | AM26: 23eeb21d18cdab41548b6ac5fe02a5729a23ea09692b21cc01145dc6b0f17025 | AN26: -0.15632591 | AO26: 0.13446753 | AP26: 0.87986883 | AQ26: 0.88050222 | AR26: -0.16390734 | AS26: 0.13930604 | AT26: 0.87034275 | AU26: 0.87104257 | AV26: -0.12695606 | AW26: 0.11207472 | AX26: 0.90288203 | AY26: 0.90288203 | AZ26: -0.13158264 | BA26: 0.1774414 | BB26: 0.7711614 | BC26: 0.7711614 | BD26: -0.15775438 | BE26: 0.13673434 | BF26: 0.88874021 | BG26: 0.88874021 | BH26: 2026-10-25.full54-scdrs.v4 | BI26: Yes | BJ26: 0.91436769 | BK26: 0.91370994 | BL26: Yes | BM26: 0.89923631 | BN26: 0.89858944 | BO26: Yes | BP26: 0.93229647 | BQ26: 0.93162582 | BR26: 0.88050222 | BS26: 0.87986883 | BT26: full54_complete_including_IAMDGC9 | BU26: IVW t nsnp-1; Egger t nsnp-2; median and modes normal; complete Wald sensitivity
A27: OCT GWAS + six disease GWAS | B27: 36 | C27: -0.2153284 | D27: 0.077810952 | E27: 0.0089697877 | F27: 59.924551 | G27: 35 | H27: 0.0054412449 | I27: -0.21585244 | J27: 0.079557455 | K27: 0.010384028 | L27: 0.00028775422 | M27: 0.0054160804 | N27: 0.95793959 | O27: 59.919577 | P27: 34 | Q27: 0.0039508727 | R27: -0.25751176 | S27: 0.12109865 | T27: 0.033464759 | U27: 0.034982088 | V27: 0.26540785 | W27: 0.89513851 | X27: -0.19647706 | Y27: 0.20341256 | Z27: 0.33409209 | AA27: 0.059493407 | AB27: 0.00015876889 | AC27: 0.059493407 | AD27: 0.00015876889 | AE27: Yes | AF27: 1.0747134e-235 | AG27: 63.764771 | AH27: 30.021577 | AI27: 10000 | AJ27: project mrtools.mr; nonparametric bootstrap; fixed seeds 1/2/3 | AK27: RNFL | AL27: finngen_H7_RETIVASCOCCLUSION | AM27: f458b53ed8f000709117cfd57d37ccf5f51651213b45530092e78996a2494d44 | AN27: -0.37329303 | AO27: -0.057363768 | AP27: 0.005651792 | AQ27: 0.0089697877 | AR27: -0.37753264 | AS27: -0.054172236 | AT27: 0.0066644079 | AU27: 0.010384028 | AV27: -0.49486076 | AW27: -0.02016276 | AX27: 0.033464759 | AY27: 0.033464759 | AZ27: -0.48520773 | BA27: 0.55517191 | BB27: 0.89513851 | BC27: 0.89513851 | BD27: -0.59515835 | BE27: 0.20220424 | BF27: 0.33409209 | BG27: 0.33409209 | BH27: 2026-10-25.full54-scdrs.v4 | BI27: Yes | BJ27: 0.091917581 | BK27: 0.061039354 | BL27: Yes | BM27: 0.081704517 | BN27: 0.054257203 | BO27: No | BR27: 0.080728089 | BS27: 0.050866128 | BT27: full54_complete_including_IAMDGC9 | BU27: IVW t nsnp-1; Egger t nsnp-2; median and modes normal; complete Wald sensitivity
A28: OCT GWAS + six disease GWAS | B28: 16 | C28: -0.099677537 | D28: 0.081551825 | E28: 0.24046871 | F28: 14.48684 | G28: 15 | H28: 0.48897191 | I28: -0.06734373 | J28: 0.087482827 | K28: 0.45421582 | L28: -0.0073606279 | M28: 0.0072079194 | N28: 0.32448929 | O28: 13.444019 | P28: 14 | Q28: 0.4918973 | R28: -0.11225138 | S28: 0.17859309 | T28: 0.52965582 | U28: 0.026076387 | V28: 0.12052261 | W28: 0.8287064 | X28: -0.045398373 | Y28: 0.18573581 | Z28: 0.80690211 | AA28: 0.033707102 | AB28: 3.4739875e-05 | AC28: 0.033707102 | AD28: 3.4739875e-05 | AE28: Yes | AF28: 2.6544489e-137 | AG28: 81.409244 | AH28: 32.404284 | AI28: 10000 | AJ28: project mrtools.mr; nonparametric bootstrap; fixed seeds 1/2/3 | AK28: RPE | AL28: finngen_H7_RETIVASCOCCLUSION | AM28: 8faf35be7e045041ade591be259e3995de29e75394ba43dc5bff73d748f1e57a | AN28: -0.27350114 | AO28: 0.074146064 | AP28: 0.22160931 | AQ28: 0.24046871 | AR28: -0.25497573 | AS28: 0.12028827 | AT28: 0.44142227 | AU28: 0.45421582 | AV28: -0.46228741 | AW28: 0.23778465 | AX28: 0.52965582 | AY28: 0.52965582 | AZ28: -0.21014359 | BA28: 0.26229637 | BB28: 0.8287064 | BC28: 0.8287064 | BD28: -0.40943388 | BE28: 0.31863713 | BF28: 0.80690211 | BG28: 0.80690211 | BH28: 2026-10-25.full54-scdrs.v4 | BI28: Yes | BJ28: 0.37100886 | BK28: 0.35243192 | BL28: Yes | BM28: 0.36070306 | BN28: 0.34264215 | BO28: Yes | BP28: 0.36008045 | BQ28: 0.34264215 | BR28: 0.30917405 | BS28: 0.29093877 | BT28: full54_complete_including_IAMDGC9 | BU28: IVW t nsnp-1; Egger t nsnp-2; median and modes normal; complete Wald sensitivity
A29: OCT GWAS + six disease GWAS | B29: 12 | C29: -0.075606206 | D29: 0.20732156 | E29: 0.72226366 | F29: 32.336001 | G29: 11 | H29: 0.00067354447 | I29: -0.084439111 | J29: 0.20224218 | K29: 0.6851245 | L29: 0.012344052 | M29: 0.0098406466 | N29: 0.23822572 | O29: 27.939678 | P29: 10 | Q29: 0.0018458287 | R29: -0.26758897 | S29: 0.25686652 | T29: 0.29753073 | U29: -0.37867638 | V29: 0.22356467 | W29: 0.090301139 | X29: -0.30141265 | Y29: 0.26864835 | Z29: 0.26187953 | AA29: 0.012465267 | AB29: 9.6888326e-05 | AC29: 0.012465267 | AD29: 9.6888326e-05 | AE29: Yes | AF29: 1.1133848e-45 | AG29: 40.02088 | AH29: 30.712971 | AI29: 10000 | AJ29: project mrtools.mr; nonparametric bootstrap; fixed seeds 1/2/3 | AK29: CSI | AL29: finngen_WET_AMD | AM29: f160099ccfd8e77c05c8473be4ec35726e55fa53ffbcd33ee89cd9af0b2f414b | AN29: -0.53191788 | AO29: 0.38070547 | AP29: 0.71534964 | AQ29: 0.72226366 | AR29: -0.53506278 | AS29: 0.36618456 | AT29: 0.67630188 | AU29: 0.6851245 | AV29: -0.77103809 | AW29: 0.23586016 | AX29: 0.29753073 | AY29: 0.29753073 | AZ29: -0.81685508 | BA29: 0.059502329 | BB29: 0.090301139 | BC29: 0.090301139 | BD29: -0.82795374 | BE29: 0.22512844 | BF29: 0.26187953 | BG29: 0.26187953 | BH29: 2026-10-25.full54-scdrs.v4 | BI29: Yes | BJ29: 0.78004475 | BK29: 0.77257761 | BL29: Yes | BM29: 0.77041457 | BN29: 0.76303962 | BO29: Yes | BP29: 0.81110214 | BQ29: 0.80476835 | BR29: 0.7435103 | BS29: 0.74247001 | BT29: full54_complete_including_IAMDGC9 | BU29: IVW t nsnp-1; Egger t nsnp-2; median and modes normal; complete Wald sensitivity
A30: OCT GWAS + six disease GWAS | B30: 31 | C30: 0.11520489 | D30: 0.084761265 | E30: 0.18422357 | F30: 77.124048 | G30: 30 | H30: 5.0759928e-06 | I30: 0.10154543 | J30: 0.088783841 | K30: 0.262086 | L30: 0.0036846837 | M30: 0.0062578179 | N30: 0.56054565 | O30: 76.212908 | P30: 29 | Q30: 4.0920835e-06 | R30: 0.16099749 | S30: 0.13352921 | T30: 0.22792938 | U30: 0.24181106 | V30: 0.10560176 | W30: 0.02203064 | X30: 0.20652117 | Y30: 0.20496377 | Z30: 0.3136473 | AA30: 0.055018229 | AB30: 0.00024238792 | AC30: 0.055018229 | AD30: 0.00024238792 | AE30: Yes | AF30: 6.5606719e-211 | AG30: 68.46947 | AH30: 30.817556 | AI30: 10000 | AJ30: project mrtools.mr; nonparametric bootstrap; fixed seeds 1/2/3 | AK30: GCC | AL30: finngen_WET_AMD | AM30: c6ebc6338826bb73a571f9afc71119d1fab2a4df87ae6e315647a3ae9b8ffc16 | AN30: -0.057900704 | AO30: 0.28831049 | AP30: 0.17409301 | AQ30: 0.18422357 | AR30: -0.080037915 | AS30: 0.28312877 | AT30: 0.25273242 | AU30: 0.262086 | AV30: -0.10071496 | AW30: 0.42270993 | AX30: 0.22792938 | AY30: 0.22792938 | AZ30: 0.034835404 | BA30: 0.44878671 | BB30: 0.02203064 | BC30: 0.02203064 | BD30: -0.19520044 | BE30: 0.60824277 | BF30: 0.3136473 | BG30: 0.3136473 | BH30: 2026-10-25.full54-scdrs.v4 | BI30: Yes | BJ30: 0.35528832 | BK30: 0.3357508 | BL30: No | BO30: Yes | BP30: 0.36008045 | BQ30: 0.34264215 | BR30: 0.27633536 | BS30: 0.26113951 | BT30: full54_complete_including_IAMDGC9 | BU30: IVW t nsnp-1; Egger t nsnp-2; median and modes normal; complete Wald sensitivity
A31: OCT GWAS + six disease GWAS | B31: 33 | C31: 0.18807354 | D31: 0.090978369 | E31: 0.046880128 | F31: 86.089361 | G31: 32 | H31: 7.5307609e-07 | I31: 0.17626094 | J31: 0.094071684 | K31: 0.070427413 | L31: 0.0036821762 | M31: 0.0062374295 | N31: 0.55924498 | O31: 85.13232 | P31: 31 | Q31: 6.0817258e-07 | R31: 0.19613433 | S31: 0.14149658 | T31: 0.1657036 | U31: 0.23658582 | V31: 0.096730341 | W31: 0.014451976 | X31: 0.16951727 | Y31: 0.17376573 | Z31: 0.32928719 | AA31: 0.055683244 | AB31: 0.00028890379 | AC31: 0.055683244 | AD31: 0.00028890379 | AE31: Yes | AF31: 4.9085792e-211 | AG31: 65.124884 | AH31: 30.13418 | AI31: 10000 | AJ31: project mrtools.mr; nonparametric bootstrap; fixed seeds 1/2/3 | AK31: GCL | AL31: finngen_WET_AMD | AM31: 5e8631a832c089e7f9e37b5c21e7b8777de13ee5dc8c7d31a56a0033631c22e0 | AN31: 0.0027566644 | AO31: 0.37339041 | AP31: 0.038712151 | AQ31: 0.046880128 | AR31: -0.015599526 | AS31: 0.3681214 | AT31: 0.06097351 | AU31: 0.070427413 | AV31: -0.081193874 | AW31: 0.47346253 | AX31: 0.1657036 | AY31: 0.1657036 | AZ31: 0.046997834 | BA31: 0.4261738 | BB31: 0.014451976 | BC31: 0.014451976 | BD31: -0.1710573 | BE31: 0.51009183 | BF31: 0.32928719 | BG31: 0.32928719 | BH31: 2026-10-25.full54-scdrs.v4 | BI31: Yes | BJ31: 0.14079818 | BK31: 0.11613645 | BL31: Yes | BM31: 0.13251594 | BN31: 0.1093049 | BO31: No | BR31: 0.10548029 | BS31: 0.08710234 | BT31: full54_complete_including_IAMDGC9 | BU31: IVW t nsnp-1; Egger t nsnp-2; median and modes normal; complete Wald sensitivity
A32: OCT GWAS + six disease GWAS | B32: 51 | C32: 0.14202042 | D32: 0.058844714 | E32: 0.019506665 | F32: 94.428451 | G32: 50 | H32: 0.00014860602 | I32: 0.13900456 | J32: 0.058595867 | K32: 0.02165055 | L32: 0.0053309441 | M32: 0.0043325684 | N32: 0.22440853 | O32: 91.598305 | P32: 49 | Q32: 0.00021613736 | R32: 0.22932685 | S32: 0.13311473 | T32: 0.084929043 | U32: 0.13657018 | V32: 0.058253329 | W32: 0.01905678 | X32: 0.26614031 | Y32: 0.11698768 | Z32: 0.022909342 | AA32: 0.090160395 | AB32: 0.00031212393 | AC32: 0.090160395 | AD32: 0.00031212393 | AE32: Yes | AF32: 0 | AG32: 68.517018 | AH32: 29.893683 | AI32: 10000 | AJ32: project mrtools.mr; nonparametric bootstrap; fixed seeds 1/2/3 | AK32: INL | AL32: finngen_WET_AMD | AM32: e023583d318a26f868ae666eb86c46f35bacd3fad0cc0739c4a52f3bc135c1da | AN32: 0.023827332 | AO32: 0.2602135 | AP32: 0.015801085 | AQ32: 0.019506665 | AR32: 0.021251753 | AS32: 0.25675736 | AT32: 0.017679707 | AU32: 0.02165055 | AV32: -0.031573215 | AW32: 0.49022692 | AX32: 0.084929043 | AY32: 0.084929043 | AZ32: 0.02239575 | BA32: 0.2507446 | BB32: 0.01905678 | BC32: 0.01905678 | BD32: 0.036848677 | BE32: 0.49543194 | BF32: 0.022909342 | BG32: 0.022909342 | BH32: 2026-10-25.full54-scdrs.v4 | BI32: Yes | BJ32: 0.1077225 | BK32: 0.077568962 | BL32: Yes | BM32: 0.10259286 | BN32: 0.075845207 | BO32: Yes | BP32: 0.1077225 | BQ32: 0.081262722 | BR32: 0.085836064 | BS32: 0.047403255 | BT32: full54_complete_including_IAMDGC9 | BU32: IVW t nsnp-1; Egger t nsnp-2; median and modes normal; complete Wald sensitivity
A33: OCT GWAS + six disease GWAS | B33: 42 | C33: 0.18631971 | D33: 0.066874508 | E33: 0.0080425079 | F33: 86.467865 | G33: 41 | H33: 4.3337283e-05 | I33: 0.1908841 | J33: 0.069474735 | K33: 0.0089611723 | L33: -0.0014437708 | M33: 0.0050231111 | N33: 0.77527031 | O33: 86.289648 | P33: 40 | Q33: 3.0253776e-05 | R33: 0.1803124 | S33: 0.087370355 | T33: 0.039039444 | U33: 0.18183184 | V33: 0.050141924 | W33: 0.00028746292 | X33: 0.19953592 | Y33: 0.12530477 | Z33: 0.11129378 | AA33: 0.080728326 | AB33: 0.00030445391 | AC33: 0.080728326 | AD33: 0.00030445391 | AE33: Yes | AF33: 0 | AG33: 74.248843 | AH33: 30.068125 | AI33: 10000 | AJ33: project mrtools.mr; nonparametric bootstrap; fixed seeds 1/2/3 | AK33: IPL | AL33: finngen_WET_AMD | AM33: 516b201752f7e269415ec11ba158bef6bad9a4479957f6b4900ba05ba1f2b2bb | AN33: 0.0512639 | AO33: 0.32137552 | AP33: 0.0053344831 | AQ33: 0.0080425079 | AR33: 0.050470419 | AS33: 0.33129777 | AT33: 0.0060045547 | AU33: 0.0089611723 | AV33: 0.0090696463 | AW33: 0.35155515 | AX33: 0.039039444 | AY33: 0.039039444 | AZ33: 0.083555474 | BA33: 0.2801082 | BB33: 0.00028746292 | BC33: 0.00028746292 | BD33: -0.04605692 | BE33: 0.44512876 | BF33: 0.11129378 | BG33: 0.11129378 | BH33: 2026-10-25.full54-scdrs.v4 | BI33: Yes | BJ33: 0.091917581 | BK33: 0.061039354 | BL33: Yes | BM33: 0.081704517 | BN33: 0.054257203 | BO33: No | BR33: 0.072382571 | BS33: 0.047403255 | BT33: full54_complete_including_IAMDGC9 | BU33: IVW t nsnp-1; Egger t nsnp-2; median and modes normal; complete Wald sensitivity
A34: OCT GWAS + six disease GWAS | B34: 67 | C34: 0.017313083 | D34: 0.052689948 | E34: 0.7435103 | F34: 162.25045 | G34: 66 | H34: 4.4983325e-10 | I34: 0.016017717 | J34: 0.052698167 | K34: 0.7621353 | L34: 0.0043181872 | M34: 0.0042786257 | N34: 0.31659883 | O34: 159.74714 | P34: 65 | Q34: 6.0741391e-10 | R34: -0.041782345 | S34: 0.081361825 | T34: 0.60757542 | U34: 0.067097968 | V34: 0.065064763 | W34: 0.30242409 | X34: -0.018757089 | Y34: 0.069834672 | Z34: 0.78824306 | AA34: 0.13926395 | AB34: 0.00048112981 | AC34: 0.13926395 | AD34: 0.00048112981 | AE34: Yes | AF34: 0 | AG34: 80.60801 | AH34: 30.850715 | AI34: 10000 | AJ34: project mrtools.mr; nonparametric bootstrap; fixed seeds 1/2/3 | AK34: OPL | AL34: finngen_WET_AMD | AM34: 3f5871ef70d0e310ece1b7ffcc66c072bde810adac0d894164d83af6eb5bbede | AN34: -0.087885792 | AO34: 0.12251196 | AP34: 0.74247001 | AQ34: 0.7435103 | AR34: -0.089227789 | AS34: 0.12126322 | AT34: 0.7611644 | AU34: 0.7621353 | AV34: -0.20124859 | AW34: 0.1176839 | AX34: 0.60757542 | AY34: 0.60757542 | AZ34: -0.060426623 | BA34: 0.19462256 | BB34: 0.30242409 | BC34: 0.30242409 | BD34: -0.15563053 | BE34: 0.11811635 | BF34: 0.78824306 | BG34: 0.78824306 | BH34: 2026-10-25.full54-scdrs.v4 | BI34: Yes | BJ34: 0.7872462 | BK34: 0.78614471 | BL34: Yes | BM34: 0.77583683 | BN34: 0.77475131 | BO34: Yes | BP34: 0.81110214 | BQ34: 0.80996728 | BR34: 0.7435103 | BS34: 0.74247001 | BT34: full54_complete_including_IAMDGC9 | BU34: IVW t nsnp-1; Egger t nsnp-2; median and modes normal; complete Wald sensitivity
A35: OCT GWAS + six disease GWAS | B35: 49 | C35: -0.58878437 | D35: 0.33202137 | E35: 0.082518253 | F35: 3133.0264 | G35: 48 | H35: 0 | I35: -0.63617855 | J35: 0.34355141 | K35: 0.070346279 | L35: 0.015450291 | M35: 0.025859715 | N35: 0.55306437 | O35: 3109.4104 | P35: 47 | Q35: 0 | R35: 0.012349716 | S35: 0.16267392 | T35: 0.93948513 | U35: 0.17467309 | V35: 0.091930104 | W35: 0.05742471 | X35: 0.15949585 | Y35: 0.14001232 | Z35: 0.25463815 | AA35: 0.093231229 | AB35: 0.0098421753 | AC35: 0.093231229 | AD35: 0.0098421753 | AE35: Yes | AF35: 5.5171362e-197 | AG35: 73.453679 | AH35: 32.225625 | AI35: 10000 | AJ35: project mrtools.mr; nonparametric bootstrap; fixed seeds 1/2/3 | AK35: PS | AL35: finngen_WET_AMD | AM35: 6d291d8dd0299563dc7e98e0e15f8862145ee8e2b5bea4c6625fe67c2d06e642 | AN35: -1.2563581 | AO35: 0.078789348 | AP35: 0.07617359 | AQ35: 0.082518253 | AR35: -1.3273148 | AS35: 0.054957744 | AT35: 0.06405871 | AU35: 0.070346279 | AV35: -0.30648531 | AW35: 0.33118474 | AX35: 0.93948513 | AY35: 0.93948513 | AZ35: -0.005506604 | BA35: 0.35485278 | BB35: 0.05742471 | BC35: 0.05742471 | BD35: -0.11492325 | BE35: 0.43391495 | BF35: 0.25463815 | BG35: 0.25463815 | BH35: 2026-10-25.full54-scdrs.v4 | BI35: Yes | BJ35: 0.21244166 | BK35: 0.19480105 | BL35: Yes | BM35: 0.19827888 | BN35: 0.18102724 | BO35: Yes | BP35: 0.21244166 | BQ35: 0.18668434 | BR35: 0.14853286 | BS35: 0.13711246 | BT35: full54_complete_including_IAMDGC9 | BU35: IVW t nsnp-1; Egger t nsnp-2; median and modes normal; complete Wald sensitivity
A36: OCT GWAS + six disease GWAS | B36: 36 | C36: 0.028530737 | D36: 0.073638764 | E36: 0.7007753 | F36: 73.842705 | G36: 35 | H36: 0.00013654387 | I36: 0.026368169 | J36: 0.075251122 | K36: 0.72819842 | L36: 0.0011727161 | M36: 0.0051207684 | N36: 0.82023178 | O36: 73.728975 | P36: 34 | Q36: 9.3027427e-05 | R36: -0.043711053 | S36: 0.12912439 | T36: 0.73497214 | U36: 0.12686067 | V36: 0.16701663 | W36: 0.4475122 | X36: 0.01470973 | Y36: 0.17952291 | Z36: 0.9346961 | AA36: 0.059493407 | AB36: 0.00021955304 | AC36: 0.059493407 | AD36: 0.00021955304 | AE36: Yes | AF36: 2.4762417e-231 | AG36: 63.764771 | AH36: 30.021577 | AI36: 10000 | AJ36: project mrtools.mr; nonparametric bootstrap; fixed seeds 1/2/3 | AK36: RNFL | AL36: finngen_WET_AMD | AM36: 70f04a16f9de6c1ae4c126f1081bab0e05cdd3ee82be09dfc5ae9037ed04077b | AN36: -0.1209639 | AO36: 0.17802537 | AP36: 0.69842915 | AQ36: 0.7007753 | AR36: -0.12656051 | AS36: 0.17929685 | AT36: 0.72603677 | AU36: 0.72819842 | AV36: -0.2967902 | AW36: 0.2093681 | AX36: 0.73497214 | AY36: 0.73497214 | AZ36: -0.20048591 | BA36: 0.45420725 | BB36: 0.4475122 | BC36: 0.4475122 | BD36: -0.33714871 | BE36: 0.36656817 | BF36: 0.9346961 | BG36: 0.9346961 | BH36: 2026-10-25.full54-scdrs.v4 | BI36: Yes | BJ36: 0.77228299 | BK36: 0.76969743 | BL36: Yes | BM36: 0.76448215 | BN36: 0.7619227 | BO36: No | BR36: 0.7435103 | BS36: 0.74247001 | BT36: full54_complete_including_IAMDGC9 | BU36: IVW t nsnp-1; Egger t nsnp-2; median and modes normal; complete Wald sensitivity
A37: OCT GWAS + six disease GWAS | B37: 16 | C37: -1.4042708 | D37: 0.57998517 | E37: 0.028612021 | F37: 1039.3596 | G37: 15 | H37: 4.9151641e-212 | I37: -1.3055603 | J37: 0.64032553 | K37: 0.060805513 | L37: -0.022386609 | M37: 0.052788034 | N37: 0.67794795 | O37: 1026.177 | P37: 14 | Q37: 3.7792836e-210 | R37: -0.57868005 | S37: 1.0697524 | T37: 0.58854368 | U37: -0.070281592 | V37: 0.2329681 | W37: 0.76289675 | X37: -0.14988488 | Y37: 1.397255 | Z37: 0.91457402 | AA37: 0.033707102 | AB37: 0.0042691342 | AC37: 0.033707102 | AD37: 0.0042691342 | AE37: Yes | AF37: 1.7511974e-62 | AG37: 81.409244 | AH37: 32.404284 | AI37: 10000 | AJ37: project mrtools.mr; nonparametric bootstrap; fixed seeds 1/2/3 | AK37: RPE | AL37: finngen_WET_AMD | AM37: da76cb55a3c6274ee8d95a337afa9fa7badc4a147458d8893ff3974f442a3d50 | AN37: -2.64048 | AO37: -0.16806171 | AP37: 0.015468575 | AQ37: 0.028612021 | AR37: -2.6789219 | AS37: 0.067801425 | AT37: 0.041459927 | AU37: 0.060805513 | AV37: -2.6753563 | AW37: 1.5179962 | AX37: 0.58854368 | AY37: 0.58854368 | AZ37: -0.52689068 | BA37: 0.38632749 | BB37: 0.76289675 | BC37: 0.76289675 | BD37: -2.8884544 | BE37: 2.5886847 | BF37: 0.91457402 | BG37: 0.91457402 | BH37: 2026-10-25.full54-scdrs.v4 | BI37: Yes | BJ37: 0.1077225 | BK37: 0.077568962 | BL37: Yes | BM37: 0.10259286 | BN37: 0.075845207 | BO37: Yes | BP37: 0.1077225 | BQ37: 0.081262722 | BR37: 0.085836064 | BS37: 0.047403255 | BT37: full54_complete_including_IAMDGC9 | BU37: IVW t nsnp-1; Egger t nsnp-2; median and modes normal; complete Wald sensitivity
A38: OCT GWAS + six disease GWAS | B38: 12 | C38: 0.19457068 | D38: 0.24828223 | E38: 0.44978026 | F38: 45.70729 | G38: 11 | H38: 3.6420098e-06 | I38: 0.19324041 | J38: 0.26013983 | K38: 0.47467145 | L38: 0.0021470438 | M38: 0.012590959 | N38: 0.86799985 | O38: 45.574768 | P38: 10 | Q38: 1.712335e-06 | R38: -0.059981859 | S38: 0.18097769 | T38: 0.74031794 | U38: -0.14839539 | V38: 0.15627914 | W38: 0.34233922 | X38: -0.13201513 | Y38: 0.14769773 | Z38: 0.37141839 | AA38: 0.012465267 | AB38: 0.0014913318 | AC38: 0.012465267 | AD38: 0.0014913318 | AE38: Yes | AF38: 9.3615518e-21 | AG38: 40.02088 | AH38: 30.712971 | AI38: 10000 | AJ38: project mrtools.mr; nonparametric bootstrap; fixed seeds 1/2/3 | AK38: CSI | AL38: iamdgc_lateamd | AM38: d0b1c0ddeb3c03dbc19f87520635ecac843f657ceab0475e8e7a05077bbeb0d1 | AN38: -0.35189483 | AO38: 0.7410362 | AP38: 0.43323532 | AQ38: 0.44978026 | AR38: -0.38638725 | AS38: 0.77286807 | AT38: 0.45758289 | AU38: 0.47467145 | AV38: -0.41469161 | AW38: 0.29472789 | AX38: 0.74031794 | AY38: 0.74031794 | AZ38: -0.45469688 | BA38: 0.1579061 | BB38: 0.34233922 | BC38: 0.34233922 | BD38: -0.42149736 | BE38: 0.15746709 | BF38: 0.37141839 | BG38: 0.37141839 | BH38: 2026-10-25.full54-scdrs.v4 | BI38: Yes | BJ38: 0.59239351 | BK38: 0.57060261 | BL38: Yes | BM38: 0.56814348 | BN38: 0.54724461 | BO38: Yes | BP38: 0.5782889 | BQ38: 0.55701683 | BR38: 0.5372702 | BS38: 0.53158237 | BT38: full54_complete_including_IAMDGC9 | BU38: IVW t nsnp-1; Egger t nsnp-2; median and modes normal; complete Wald sensitivity
A39: OCT GWAS + six disease GWAS | B39: 30 | C39: 0.05584729 | D39: 0.096529424 | E39: 0.56735799 | F39: 95.773542 | G39: 29 | H39: 4.5890776e-09 | I39: 0.039209664 | J39: 0.10104712 | K39: 0.70092578 | L39: 0.0044990251 | M39: 0.0071295398 | N39: 0.5331321 | O39: 94.430565 | P39: 28 | Q39: 3.9706527e-09 | R39: 0.015989049 | S39: 0.10194187 | T39: 0.87536719 | U39: 0.074918113 | V39: 0.13600933 | W39: 0.58174974 | X39: 0.046830265 | Y39: 0.14503966 | Z39: 0.74678685 | AA39: 0.054040994 | AB39: 0.0029942942 | AC39: 0.054040994 | AD39: 0.0029942942 | AE39: Yes | AF39: 1.6469345e-118 | AG39: 69.496944 | AH39: 30.817556 | AI39: 10000 | AJ39: project mrtools.mr; nonparametric bootstrap; fixed seeds 1/2/3 | AK39: GCC | AL39: iamdgc_lateamd | AM39: 323876259ad565fedd82301c41bc5a4e6dcd3d283f9d3c70042e7e5a2f27ff45 | AN39: -0.14157755 | AO39: 0.25327213 | AP39: 0.56289151 | AQ39: 0.56735799 | AR39: -0.16777598 | AS39: 0.24619531 | AT39: 0.69799128 | AU39: 0.70092578 | AV39: -0.18381334 | AW39: 0.21579144 | AX39: 0.87536719 | AY39: 0.87536719 | AZ39: -0.19165527 | BA39: 0.34149149 | BB39: 0.58174974 | BC39: 0.58174974 | BD39: -0.23744224 | BE39: 0.33110277 | BF39: 0.74678685 | BG39: 0.74678685 | BH39: 2026-10-25.full54-scdrs.v4 | BI39: Yes | BJ39: 0.66602895 | BK39: 0.66078569 | BL39: No | BO39: Yes | BP39: 0.68082959 | BQ39: 0.67546982 | BR39: 0.56735799 | BS39: 0.56289151 | BT39: full54_complete_including_IAMDGC9 | BU39: IVW t nsnp-1; Egger t nsnp-2; median and modes normal; complete Wald sensitivity
A40: OCT GWAS + six disease GWAS | B40: 34 | C40: 0.075747996 | D40: 0.10544152 | E40: 0.47757351 | F40: 125.89805 | G40: 33 | H40: 8.9265278e-13 | I40: 0.064497559 | J40: 0.10811436 | K40: 0.55499323 | L40: 0.0042761995 | M40: 0.0071219755 | N40: 0.5524532 | O40: 124.4955 | P40: 32 | Q40: 7.5593344e-13 | R40: 0.059034369 | S40: 0.1074146 | T40: 0.58259821 | U40: 0.12307469 | V40: 0.10530351 | W40: 0.24249973 | X40: 0.11413169 | Y40: 0.17122781 | Z40: 0.50506039 | AA40: 0.05670949 | AB40: 0.0039512971 | AC40: 0.05670949 | AD40: 0.0039512971 | AE40: Yes | AF40: 9.3788042e-116 | AG40: 64.372259 | AH40: 30.13418 | AI40: 10000 | AJ40: project mrtools.mr; nonparametric bootstrap; fixed seeds 1/2/3 | AK40: GCL | AL40: iamdgc_lateamd | AM40: d81d45710d6966b18c6b6ecb3b6ff6ecbb543e47215db7a922a79b05c5b9d9f1 | AN40: -0.13877439 | AO40: 0.29027038 | AP40: 0.47251766 | AQ40: 0.47757351 | AR40: -0.15572419 | AS40: 0.28471931 | AT40: 0.5507959 | AU40: 0.55499323 | AV40: -0.15149438 | AW40: 0.26956312 | AX40: 0.58259821 | AY40: 0.58259821 | AZ40: -0.083316396 | BA40: 0.32946577 | BB40: 0.24249973 | BC40: 0.24249973 | BD40: -0.22146865 | BE40: 0.44973202 | BF40: 0.50506039 | BG40: 0.50506039 | BH40: 2026-10-25.full54-scdrs.v4 | BI40: Yes | BJ40: 0.61402309 | BK40: 0.60752271 | BL40: Yes | BM40: 0.58778278 | BN40: 0.5815602 | BO40: No | BR40: 0.5372702 | BS40: 0.53158237 | BT40: full54_complete_including_IAMDGC9 | BU40: IVW t nsnp-1; Egger t nsnp-2; median and modes normal; complete Wald sensitivity
A41: OCT GWAS + six disease GWAS | B41: 53 | C41: 0.1649297 | D41: 0.072038103 | E41: 0.026141522 | F41: 151.29887 | G41: 52 | H41: 1.2462568e-11 | I41: 0.15660557 | J41: 0.069695348 | K41: 0.028995941 | L41: 0.011007224 | M41: 0.0050649091 | N41: 0.034431627 | O41: 138.47515 | P41: 51 | Q41: 5.1770594e-10 | R41: 0.30967613 | S41: 0.1039833 | T41: 0.0029000987 | U41: 0.17321363 | V41: 0.28271311 | W41: 0.54008571 | X41: 0.27711564 | Y41: 0.14560401 | Z41: 0.057012583 | AA41: 0.09205484 | AB41: 0.0051482896 | AC41: 0.09205484 | AD41: 0.0051482896 | AE41: Yes | AF41: 6.9094817e-207 | AG41: 67.308392 | AH41: 29.893683 | AI41: 10000 | AJ41: project mrtools.mr; nonparametric bootstrap; fixed seeds 1/2/3 | AK41: INL | AL41: iamdgc_lateamd | AM41: 0a6855630b59e2d40cf1d7ea760782943b2d3cf4d4480d3a4770fb50999c3e26 | AN41: 0.020374671 | AO41: 0.30948473 | AP41: 0.022051556 | AQ41: 0.026141522 | AR41: 0.016686324 | AS41: 0.29652482 | AT41: 0.024639911 | AU41: 0.028995941 | AV41: 0.1058726 | AW41: 0.51347965 | AX41: 0.0029000987 | AY41: 0.0029000987 | AZ41: -0.38089389 | BA41: 0.72732114 | BB41: 0.54008571 | BC41: 0.54008571 | BD41: -0.0082629765 | BE41: 0.56249426 | BF41: 0.057012583 | BG41: 0.057012583 | BH41: 2026-10-25.full54-scdrs.v4 | BI41: Yes | BJ41: 0.1077225 | BK41: 0.085056001 | BL41: Yes | BM41: 0.10259286 | BN41: 0.081421129 | BO41: Yes | BP41: 0.1077225 | BQ41: 0.088206223 | BR41: 0.21119727 | BS41: 0.13679258 | BT41: full54_complete_including_IAMDGC9 | BU41: IVW t nsnp-1; Egger t nsnp-2; median and modes normal; complete Wald sensitivity
A42: OCT GWAS + six disease GWAS | B42: 43 | C42: 0.11236319 | D42: 0.07268812 | E42: 0.12964914 | F42: 107.21676 | G42: 42 | H42: 1.2956345e-07 | I42: 0.104419 | J42: 0.074383626 | K42: 0.16791079 | L42: 0.0032754767 | M42: 0.0053643055 | N42: 0.54483071 | O42: 106.25056 | P42: 41 | Q42: 1.0721763e-07 | R42: 0.12057945 | S42: 0.11330012 | T42: 0.28721631 | U42: 0.06206644 | V42: 0.14754321 | W42: 0.67399885 | X42: 0.24007206 | Y42: 0.11326873 | Z42: 0.034048989 | AA42: 0.081539366 | AB42: 0.0035026673 | AC42: 0.081539366 | AD42: 0.0035026673 | AE42: Yes | AF42: 2.6685722e-195 | AG42: 73.248595 | AH42: 30.068125 | AI42: 10000 | AJ42: project mrtools.mr; nonparametric bootstrap; fixed seeds 1/2/3 | AK42: IPL | AL42: iamdgc_lateamd | AM42: d86d1856b2ccea8b818334125a13b419e0f94fb10f0d7e82eb14d9d75f89590c | AN42: -0.034327379 | AO42: 0.25905375 | AP42: 0.12214659 | AQ42: 0.12964914 | AR42: -0.045801783 | AS42: 0.25463978 | AT42: 0.16038136 | AU42: 0.16791079 | AV42: -0.10148472 | AW42: 0.34264361 | AX42: 0.28721631 | AY42: 0.28721631 | AZ42: -0.22711294 | BA42: 0.35124582 | BB42: 0.67399885 | BC42: 0.67399885 | BD42: 0.018069429 | BE42: 0.46207469 | BF42: 0.034048989 | BG42: 0.034048989 | BH42: 2026-10-25.full54-scdrs.v4 | BI42: Yes | BJ42: 0.28004214 | BK42: 0.26383664 | BL42: Yes | BM42: 0.25929828 | BN42: 0.24429319 | BO42: No | BR42: 0.28440323 | BS42: 0.26884507 | BT42: full54_complete_including_IAMDGC9 | BU42: IVW t nsnp-1; Egger t nsnp-2; median and modes normal; complete Wald sensitivity
A43: OCT GWAS + six disease GWAS | B43: 68 | C43: 0.068383917 | D43: 0.058937836 | E43: 0.25005587 | F43: 203.09624 | G43: 67 | H43: 1.2645913e-15 | I43: 0.063807394 | J43: 0.058560572 | K43: 0.27985333 | L43: 0.0067482419 | M43: 0.0046935821 | N43: 0.15522697 | O43: 196.92835 | P43: 66 | Q43: 5.8880199e-15 | R43: 0.010197151 | S43: 0.076618806 | T43: 0.89412267 | U43: -0.046321864 | V43: 0.11402227 | W43: 0.68455687 | X43: -0.046321864 | Y43: 0.11996664 | Z43: 0.69940567 | AA43: 0.13907245 | AB43: 0.0064030873 | AC43: 0.13907245 | AD43: 0.0064030873 | AE43: Yes | AF43: 0 | AG43: 79.312792 | AH43: 30.850715 | AI43: 10000 | AJ43: project mrtools.mr; nonparametric bootstrap; fixed seeds 1/2/3 | AK43: OPL | AL43: iamdgc_lateamd | AM43: 9c8d1049c94043b1048aa2432dfa5e4c79b4cf60a5fca609354eaa78aa1b4c15 | AN43: -0.049256495 | AO43: 0.18602433 | AP43: 0.2459381 | AQ43: 0.25005587 | AR43: -0.053112561 | AS43: 0.18072735 | AT43: 0.27589093 | AU43: 0.27985333 | AV43: -0.13997295 | AW43: 0.16036725 | AX43: 0.89412267 | AY43: 0.89412267 | AZ43: -0.2698014 | BA43: 0.17715767 | BB43: 0.68455687 | BC43: 0.68455687 | BD43: -0.28145215 | BE43: 0.18880843 | BF43: 0.69940567 | BG43: 0.69940567 | BH43: 2026-10-25.full54-scdrs.v4 | BI43: Yes | BJ43: 0.3750838 | BK43: 0.36890716 | BL43: Yes | BM43: 0.36371763 | BN43: 0.35772815 | BO43: Yes | BP43: 0.36008045 | BQ43: 0.35415087 | BR43: 0.3750838 | BS43: 0.36890716 | BT43: full54_complete_including_IAMDGC9 | BU43: IVW t nsnp-1; Egger t nsnp-2; median and modes normal; complete Wald sensitivity
A44: OCT GWAS + six disease GWAS | B44: 49 | C44: -0.77874701 | D44: 0.44918136 | E44: 0.089390502 | F44: 5662.7754 | G44: 48 | H44: 0 | I44: -0.84853958 | J44: 0.46529086 | K44: 0.074563482 | L44: 0.02226445 | M44: 0.035203451 | N44: 0.53015731 | O44: 5614.989 | P44: 47 | Q44: 0 | R44: 0.022622335 | S44: 0.14495547 | T44: 0.87598255 | U44: 0.18581307 | V44: 0.11483329 | W44: 0.10563856 | X44: 0.18581307 | Y44: 0.1736447 | Z44: 0.284585 | AA44: 0.093541199 | AB44: 0.17312284 | AC44: 0.093541199 | AD44: 0.17312284 | AE44: No | AF44: 1.1952591e-58 | AG44: 73.697648 | AH44: 32.225625 | AI44: 10000 | AJ44: project mrtools.mr; nonparametric bootstrap; fixed seeds 1/2/3 | AK44: PS | AL44: iamdgc_lateamd | AM44: f0c985910de7a5aa6bab51606aa86bddf377adec497bdbb4a140a8deecad372d | AN44: -1.6818867 | AO44: 0.12439265 | AP44: 0.082970818 | AQ44: 0.089390502 | AR44: -1.7845841 | AS44: 0.087504894 | AT44: 0.068201132 | AU44: 0.074563482 | AV44: -0.26148517 | AW44: 0.30672984 | AX44: 0.87598255 | AY44: 0.87598255 | AZ44: -0.039256042 | BA44: 0.41088218 | BB44: 0.10563856 | BC44: 0.10563856 | BD44: -0.1545243 | BE44: 0.52615043 | BF44: 0.284585 | BG44: 0.284585 | BH44: 2026-10-25.full54-scdrs.v4 | BI44: Yes | BJ44: 0.21941305 | BK44: 0.19480105 | BL44: Yes | BM44: 0.20432115 | BN44: 0.18102724 | BO44: Yes | BP44: 0.2145372 | BQ44: 0.18668434 | BR44: 0.26817151 | BS44: 0.24891245 | BT44: full54_complete_including_IAMDGC9 | BU44: IVW t nsnp-1; Egger t nsnp-2; median and modes normal; complete Wald sensitivity
A45: OCT GWAS + six disease GWAS | B45: 37 | C45: 0.12715023 | D45: 0.08818844 | E45: 0.15800179 | F45: 113.02487 | G45: 36 | H45: 6.97188e-10 | I45: 0.12783506 | J45: 0.089958581 | K45: 0.16415301 | L45: -0.00043399125 | M45: 0.0061531704 | N45: 0.94417224 | O45: 113.0088 | P45: 35 | Q45: 3.8278561e-10 | R45: 0.022584842 | S45: 0.14393441 | T45: 0.87531526 | U45: 0.14335844 | V45: 0.1635165 | W45: 0.38063787 | X45: -0.0018983688 | Y45: 0.19111553 | Z45: 0.99207467 | AA45: 0.060882924 | AB45: 0.0036951691 | AC45: 0.060882924 | AD45: 0.0036951691 | AE45: Yes | AF45: 2.1323295e-130 | AG45: 63.488694 | AH45: 30.021577 | AI45: 10000 | AJ45: project mrtools.mr; nonparametric bootstrap; fixed seeds 1/2/3 | AK45: RNFL | AL45: iamdgc_lateamd | AM45: f9326c65a8c84d1c22517ee780ea9ee434dc7c5137f599b5e51e2615efd42c60 | AN45: -0.051704218 | AO45: 0.30600467 | AP45: 0.14935837 | AQ45: 0.15800179 | AR45: -0.05479057 | AS45: 0.31046069 | AT45: 0.15530411 | AU45: 0.16415301 | AV45: -0.25952142 | AW45: 0.3046911 | AX45: 0.87531526 | AY45: 0.87531526 | AZ45: -0.177128 | BA45: 0.46384489 | BB45: 0.38063787 | BC45: 0.38063787 | BD45: -0.37647793 | BE45: 0.37268119 | BF45: 0.99207467 | BG45: 0.99207467 | BH45: 2026-10-25.full54-scdrs.v4 | BI45: Yes | BJ45: 0.32815757 | BK45: 0.31020585 | BL45: Yes | BM45: 0.30336344 | BN45: 0.28676807 | BO45: No | BR45: 0.28440323 | BS45: 0.26884507 | BT45: full54_complete_including_IAMDGC9 | BU45: IVW t nsnp-1; Egger t nsnp-2; median and modes normal; complete Wald sensitivity
A46: OCT GWAS + six disease GWAS | B46: 16 | C46: -1.8789087 | D46: 0.86791202 | E46: 0.046932728 | F46: 2313.6941 | G46: 15 | H46: 0 | I46: -1.7120161 | J46: 0.96609367 | K46: 0.098130527 | L46: -0.036308798 | M46: 0.080746256 | N46: 0.65983515 | O46: 2280.7536 | P46: 14 | Q46: 0 | R46: -0.75521179 | S46: 1.4736607 | T46: 0.6083198 | U46: -0.15047871 | V46: 0.36473366 | W46: 0.6799206 | X46: -0.11451335 | Y46: 2.1018174 | Z46: 0.95655034 | AA46: 0.033707102 | AB46: 0.08847055 | AC46: 0.033707102 | AD46: 0.08847055 | AE46: No | AF46: 2.0127939e-53 | AG46: 81.409244 | AH46: 32.404284 | AI46: 10000 | AJ46: project mrtools.mr; nonparametric bootstrap; fixed seeds 1/2/3 | AK46: RPE | AL46: iamdgc_lateamd | AM46: 8187a1651aca677869cb13dfd8a6a0dac7b103bd490d5b2e38769c72ac152e11 | AN46: -3.7288194 | AO46: -0.028997995 | AP46: 0.03039835 | AQ46: 0.046932728 | AR46: -3.7840809 | AS46: 0.36004872 | AT46: 0.076377696 | AU46: 0.098130527 | AV46: -3.6435338 | AW46: 2.1331102 | AX46: 0.6083198 | AY46: 0.6083198 | AZ46: -0.86534355 | BA46: 0.56438613 | BB46: 0.6799206 | BC46: 0.6799206 | BD46: -4.2339998 | BE46: 4.0049731 | BF46: 0.95655034 | BG46: 0.95655034 | BH46: 2026-10-25.full54-scdrs.v4 | BI46: Yes | BJ46: 0.14079818 | BK46: 0.10259443 | BL46: Yes | BM46: 0.13251594 | BN46: 0.09727472 | BO46: Yes | BP46: 0.15359802 | BQ46: 0.099485509 | BR46: 0.21119727 | BS46: 0.13679258 | BT46: full54_complete_including_IAMDGC9 | BU46: IVW t nsnp-1; Egger t nsnp-2; median and modes normal; complete Wald sensitivity
A47: OCT GWAS + six disease GWAS | B47: 13 | C47: -0.0084163057 | D47: 0.20849625 | E47: 0.96846461 | F47: 58.445687 | G47: 12 | H47: 4.3275235e-08 | I47: -0.018862391 | J47: 0.21772166 | K47: 0.93251829 | L47: 0.0042899166 | M47: 0.010638048 | N47: 0.69448336 | O47: 57.594235 | P47: 11 | Q47: 2.5855855e-08 | R47: 0.022735348 | S47: 0.15000129 | T47: 0.87952793 | U47: -0.011959268 | V47: 0.13290795 | W47: 0.92830185 | X47: 0.030705684 | Y47: 0.14626631 | Z47: 0.83372231 | AA47: 0.014363035 | AB47: 0.00058660644 | AC47: 0.014363035 | AD47: 0.00058660644 | AE47: Yes | AF47: 1.2823955e-40 | AG47: 42.571157 | AH47: 30.712971 | AI47: 10000 | AJ47: project mrtools.mr; nonparametric bootstrap; fixed seeds 1/2/3 | AK47: CSI | AL47: winkler_earlyamd | AM47: 8cd68963b5eece9f6aec17d35956c6b73ac3c5ad982531ea7b9f5e182a4cb08a | AN47: -0.46269062 | AO47: 0.44585801 | AP47: 0.96780078 | AQ47: 0.96846461 | AR47: -0.49806453 | AS47: 0.46033975 | AT47: 0.93096137 | AU47: 0.93251829 | AV47: -0.27126178 | AW47: 0.31673247 | AX47: 0.87952793 | AY47: 0.87952793 | AZ47: -0.27245407 | BA47: 0.24853553 | BB47: 0.92830185 | BC47: 0.92830185 | BD47: -0.25597101 | BE47: 0.31738238 | BF47: 0.83372231 | BG47: 0.83372231 | BH47: 2026-10-25.full54-scdrs.v4 | BI47: Yes | BJ47: 0.96846461 | BK47: 0.96780078 | BL47: Yes | BM47: 0.96846461 | BN47: 0.96780078 | BO47: Yes | BP47: 0.96846461 | BQ47: 0.96780078 | BR47: 0.96846461 | BS47: 0.96780078 | BT47: full54_complete_including_IAMDGC9 | BU47: IVW t nsnp-1; Egger t nsnp-2; median and modes normal; complete Wald sensitivity
A48: OCT GWAS + six disease GWAS | B48: 32 | C48: 0.0041276083 | D48: 0.054741447 | E48: 0.94037946 | F48: 54.432187 | G48: 31 | H48: 0.0057706312 | I48: 0.014550982 | J48: 0.056668471 | K48: 0.79910621 | L48: -0.0031145245 | M48: 0.0039743723 | N48: 0.4393879 | O48: 53.340293 | P48: 30 | Q48: 0.0054404445 | R48: -0.050633762 | S48: 0.042592966 | T48: 0.23452537 | U48: -0.10316416 | V48: 0.084251138 | W48: 0.22076972 | X48: -0.06225065 | Y48: 0.059384771 | Z48: 0.29451906 | AA48: 0.055839592 | AB48: 0.00054670751 | AC48: 0.055839592 | AD48: 0.00054670751 | AE48: Yes | AF48: 6.6842248e-200 | AG48: 67.318429 | AH48: 30.817556 | AI48: 10000 | AJ48: project mrtools.mr; nonparametric bootstrap; fixed seeds 1/2/3 | AK48: GCC | AL48: winkler_earlyamd | AM48: 6f44f65d993356800d518cc2338146c26a8a9581dab9454e35a804414abe616b | AN48: -0.10751831 | AO48: 0.11577353 | AP48: 0.93989496 | AQ48: 0.94037946 | AR48: -0.10118148 | AS48: 0.13028344 | AT48: 0.79735335 | AU48: 0.79910621 | AV48: -0.13411444 | AW48: 0.032846918 | AX48: 0.23452537 | AY48: 0.23452537 | AZ48: -0.26829336 | BA48: 0.061965031 | BB48: 0.22076972 | BC48: 0.22076972 | BD48: -0.17864266 | BE48: 0.054141362 | BF48: 0.29451906 | BG48: 0.29451906 | BH48: 2026-10-25.full54-scdrs.v4 | BI48: Yes | BJ48: 0.95812247 | BK48: 0.95762883 | BL48: No | BO48: Yes | BP48: 0.96724745 | BQ48: 0.9667491 | BR48: 0.96846461 | BS48: 0.96780078 | BT48: full54_complete_including_IAMDGC9 | BU48: IVW t nsnp-1; Egger t nsnp-2; median and modes normal; complete Wald sensitivity
A49: OCT GWAS + six disease GWAS | B49: 34 | C49: 0.088700096 | D49: 0.063779067 | E49: 0.17361213 | F49: 73.58385 | G49: 33 | H49: 6.3128487e-05 | I49: 0.095113789 | J49: 0.065354048 | K49: 0.15530998 | L49: -0.0025235242 | M49: 0.0043196566 | N49: 0.56318482 | O49: 72.80735 | P49: 32 | Q49: 5.1185571e-05 | R49: -0.026024549 | S49: 0.061734644 | T49: 0.67334984 | U49: -0.014517606 | V49: 0.058656542 | W49: 0.80451982 | X49: -0.010727871 | Y49: 0.043846713 | Z49: 0.80671381 | AA49: 0.05670949 | AB49: 0.00078190416 | AC49: 0.05670949 | AD49: 0.00078190416 | AE49: Yes | AF49: 3.9850263e-195 | AG49: 64.372259 | AH49: 30.13418 | AI49: 10000 | AJ49: project mrtools.mr; nonparametric bootstrap; fixed seeds 1/2/3 | AK49: GCL | AL49: winkler_earlyamd | AM49: c2148a4a23ce088a9714d3ba62515fd4f5c53848b2e80ba346ea99b66c773eab | AN49: -0.041059392 | AO49: 0.21845958 | AP49: 0.1643043 | AQ49: 0.17361213 | AR49: -0.03800805 | AS49: 0.22823563 | AT49: 0.14556911 | AU49: 0.15530998 | AV49: -0.14702223 | AW49: 0.094973129 | AX49: 0.67334984 | AY49: 0.67334984 | AZ49: -0.12948232 | BA49: 0.1004471 | BB49: 0.80451982 | BC49: 0.80451982 | BD49: -0.096665849 | BE49: 0.075210108 | BF49: 0.80671381 | BG49: 0.80671381 | BH49: 2026-10-25.full54-scdrs.v4 | BI49: Yes | BJ49: 0.34722427 | BK49: 0.3286086 | BL49: Yes | BM49: 0.32051471 | BN49: 0.30333102 | BO49: No | BR49: 0.37477243 | BS49: 0.36437371 | BT49: full54_complete_including_IAMDGC9 | BU49: IVW t nsnp-1; Egger t nsnp-2; median and modes normal; complete Wald sensitivity
A50: OCT GWAS + six disease GWAS | B50: 54 | C50: 0.17241337 | D50: 0.037297557 | E50: 2.4671446e-05 | F50: 63.324793 | G50: 53 | H50: 0.15671273 | I50: 0.17279291 | J50: 0.037701549 | K50: 2.904811e-05 | L50: -0.00048461184 | M50: 0.0026882631 | N50: 0.85764171 | O50: 63.285243 | P50: 52 | Q50: 0.13573093 | R50: 0.25239156 | S50: 0.10248017 | T50: 0.013784404 | U50: 0.045232638 | V50: 0.09536094 | W50: 0.63526398 | X50: 0.22641561 | Y50: 0.11114426 | Z50: 0.041636736 | AA50: 0.093593324 | AB50: 0.00089261973 | AC50: 0.093593324 | AD50: 0.00089261973 | AE50: Yes | AF50: 0 | AG50: 67.160084 | AH50: 29.893683 | AI50: 10000 | AJ50: project mrtools.mr; nonparametric bootstrap; fixed seeds 1/2/3 | AK50: INL | AL50: winkler_earlyamd | AM50: 2bd171a6393925ee686cd837aa705891d2920970795c3f0bd72c9f0668919d77 | AN50: 0.097603948 | AO50: 0.2472228 | AP50: 3.7887733e-06 | AQ50: 2.4671446e-05 | AR50: 0.097139212 | AS50: 0.2484466 | AT50: 4.5796221e-06 | AU50: 2.904811e-05 | AV50: 0.051534118 | AW50: 0.45324899 | AX50: 0.013784404 | AY50: 0.013784404 | AZ50: -0.14167137 | BA50: 0.23213665 | BB50: 0.63526398 | BC50: 0.63526398 | BD50: 0.0085768707 | BE50: 0.44425435 | BF50: 0.041636736 | BG50: 0.041636736 | BH50: 2026-10-25.full54-scdrs.v4 | BI50: Yes | BJ50: 0.0013322581 | BK50: 0.00020459376 | BL50: Yes | BM50: 0.0011842294 | BN50: 0.00018186112 | BO50: Yes | BP50: 0.00088817207 | BQ50: 0.00013639584 | BR50: 0.00022204302 | BS50: 3.409896e-05 | BT50: full54_complete_including_IAMDGC9 | BU50: IVW t nsnp-1; Egger t nsnp-2; median and modes normal; complete Wald sensitivity
A51: OCT GWAS + six disease GWAS | B51: 43 | C51: 0.02883401 | D51: 0.044523894 | E51: 0.52076327 | F51: 63.394096 | G51: 42 | H51: 0.018056857 | I51: 0.027841787 | J51: 0.045682531 | K51: 0.5455808 | L51: 0.00042947664 | M51: 0.0032684828 | N51: 0.89610205 | O51: 63.367411 | P51: 41 | Q51: 0.014041083 | R51: -0.017479008 | S51: 0.070025742 | T51: 0.80289026 | U51: 0.019858648 | V51: 0.083138069 | W51: 0.81121145 | X51: 0.003262818 | Y51: 0.097129624 | Z51: 0.97320218 | AA51: 0.081539366 | AB51: 0.00064294549 | AC51: 0.081539366 | AD51: 0.00064294549 | AE51: Yes | AF51: 2.8062182e-303 | AG51: 73.248595 | AH51: 30.068125 | AI51: 10000 | AJ51: project mrtools.mr; nonparametric bootstrap; fixed seeds 1/2/3 | AK51: IPL | AL51: winkler_earlyamd | AM51: 68a676636973a9fa55edd66d71cce78b6304a6d761c1f651e72f9ed0dc744fbf | AN51: -0.061018847 | AO51: 0.11868687 | AP51: 0.51723882 | AQ51: 0.52076327 | AR51: -0.064415956 | AS51: 0.12009953 | AT51: 0.54221796 | AU51: 0.5455808 | AV51: -0.15472694 | AW51: 0.11976893 | AX51: 0.80289026 | AY51: 0.80289026 | AZ51: -0.14308897 | BA51: 0.18280627 | BB51: 0.81121145 | BC51: 0.81121145 | BD51: -0.18710775 | BE51: 0.19363338 | BF51: 0.97320218 | BG51: 0.97320218 | BH51: 2026-10-25.full54-scdrs.v4 | BI51: Yes | BJ51: 0.63399347 | BK51: 0.62855094 | BL51: Yes | BM51: 0.60380331 | BN51: 0.59861994 | BO51: No | BR51: 0.66955278 | BS51: 0.66502134 | BT51: full54_complete_including_IAMDGC9 | BU51: IVW t nsnp-1; Egger t nsnp-2; median and modes normal; complete Wald sensitivity
A52: OCT GWAS + six disease GWAS | B52: 72 | C52: 0.11641552 | D52: 0.030980523 | E52: 0.00034859033 | F52: 95.465406 | G52: 71 | H52: 0.028055023 | I52: 0.11734786 | J52: 0.031171881 | K52: 0.00034383729 | L52: -0.0014070333 | M52: 0.0024691951 | N52: 0.57061407 | O52: 95.024612 | P52: 70 | Q52: 0.024994237 | R52: 0.038928044 | S52: 0.055363595 | T52: 0.48197205 | U52: 0.12034257 | V52: 0.054979439 | W52: 0.02860666 | X52: 0.027830931 | Y52: 0.066211532 | Z52: 0.67424177 | AA52: 0.1435739 | AB52: 0.0011496373 | AC52: 0.1435739 | AD52: 0.0011496373 | AE52: Yes | AF52: 0 | AG52: 77.315964 | AH52: 29.790886 | AI52: 10000 | AJ52: project mrtools.mr; nonparametric bootstrap; fixed seeds 1/2/3 | AK52: OPL | AL52: winkler_earlyamd | AM52: e43baf693c9644dadadcb0bc1272bd83121ac4fa7a8ea6fac7dc8e728a594ccc | AN52: 0.054642117 | AO52: 0.17818893 | AP52: 0.00017148197 | AQ52: 0.00034859033 | AR52: 0.055177509 | AS52: 0.17951822 | AT52: 0.00016685439 | AU52: 0.00034383729 | AV52: -0.069582609 | AW52: 0.1474387 | AX52: 0.48197205 | AY52: 0.48197205 | AZ52: 0.012584845 | BA52: 0.22810029 | BB52: 0.02860666 | BC52: 0.02860666 | BD52: -0.10194129 | BE52: 0.15760315 | BF52: 0.67424177 | BG52: 0.67424177 | BH52: 2026-10-25.full54-scdrs.v4 | BI52: Yes | BJ52: 0.0094119389 | BK52: 0.0046300131 | BL52: Yes | BM52: 0.0083661679 | BN52: 0.0041155672 | BO52: Yes | BP52: 0.0062746259 | BQ52: 0.0030866754 | BR52: 0.0015686565 | BS52: 0.00077166885 | BT52: full54_complete_including_IAMDGC9 | BU52: IVW t nsnp-1; Egger t nsnp-2; median and modes normal; complete Wald sensitivity
A53: OCT GWAS + six disease GWAS | B53: 52 | C53: -0.18599074 | D53: 0.14591408 | E53: 0.20820691 | F53: 1027.5765 | G53: 51 | H53: 6.4636679e-182 | I53: -0.19313417 | J53: 0.1521682 | K53: 0.21024073 | L53: 0.0021172326 | M53: 0.011300393 | N53: 0.85213724 | O53: 1026.8556 | P53: 50 | Q53: 1.9984322e-182 | R53: 0.040202961 | S53: 0.055383773 | T53: 0.4679014 | U53: 0.1016507 | V53: 0.059293622 | W53: 0.086462377 | X53: 0.093966097 | Y53: 0.070310704 | Z53: 0.18140522 | AA53: 0.097294061 | AB53: 0.010609363 | AC53: 0.097294061 | AD53: 0.010609363 | AE53: Yes | AF53: 2.9990482e-203 | AG53: 72.227467 | AH53: 32.225625 | AI53: 10000 | AJ53: project mrtools.mr; nonparametric bootstrap; fixed seeds 1/2/3 | AK53: PS | AL53: winkler_earlyamd | AM53: 4eafc44ada38c73b218ce01603150f420ddb38dbdf92223340ea178e2afe2b4d | AN53: -0.47892548 | AO53: 0.10694399 | AP53: 0.20242984 | AQ53: 0.20820691 | AR53: -0.49877299 | AS53: 0.11250465 | AT53: 0.20436437 | AU53: 0.21024073 | AV53: -0.068347239 | AW53: 0.14875316 | AX53: 0.4679014 | AY53: 0.4679014 | AZ53: -0.014562668 | BA53: 0.21786406 | BB53: 0.086462377 | BC53: 0.086462377 | BD53: -0.043840351 | BE53: 0.23177255 | BF53: 0.18140522 | BG53: 0.18140522 | BH53: 2026-10-25.full54-scdrs.v4 | BI53: Yes | BJ53: 0.36750023 | BK53: 0.35243192 | BL53: Yes | BM53: 0.35692613 | BN53: 0.34264215 | BO53: Yes | BP53: 0.36008045 | BQ53: 0.34264215 | BR53: 0.37477243 | BS53: 0.36437371 | BT53: full54_complete_including_IAMDGC9 | BU53: IVW t nsnp-1; Egger t nsnp-2; median and modes normal; complete Wald sensitivity
A54: OCT GWAS + six disease GWAS | B54: 38 | C54: 0.054281823 | D54: 0.054159715 | E54: 0.32273057 | F54: 69.862916 | G54: 37 | H54: 0.00087402491 | I54: 0.053613969 | J54: 0.055099381 | K54: 0.33702588 | L54: 0.00051968631 | M54: 0.0037174534 | N54: 0.88960013 | O54: 69.825011 | P54: 36 | Q54: 0.00061399236 | R54: 0.014486473 | S54: 0.093430956 | T54: 0.87678187 | U54: 0.10411142 | V54: 0.15617915 | W54: 0.50501784 | X54: -0.078228454 | Y54: 0.1579168 | Z54: 0.62033356 | AA54: 0.061666176 | AB54: 0.00072067089 | AC54: 0.061666176 | AD54: 0.00072067089 | AE54: Yes | AF54: 3.4012599e-217 | AG54: 62.61181 | AH54: 30.021577 | AI54: 10000 | AJ54: project mrtools.mr; nonparametric bootstrap; fixed seeds 1/2/3 | AK54: RNFL | AL54: winkler_earlyamd | AM54: 464dc2af1c17b3e0f4fd840f32af8570151a0eea336d244140aa8567381f8677 | AN54: -0.055456183 | AO54: 0.16401983 | AP54: 0.31622064 | AQ54: 0.32273057 | AR54: -0.058132756 | AS54: 0.16536069 | AT54: 0.33053282 | AU54: 0.33702588 | AV54: -0.16863484 | AW54: 0.19760778 | AX54: 0.87678187 | AY54: 0.87678187 | AZ54: -0.20199408 | BA54: 0.41021693 | BB54: 0.50501784 | BC54: 0.50501784 | BD54: -0.38773969 | BE54: 0.23128278 | BF54: 0.62033356 | BG54: 0.62033356 | BH54: 2026-10-25.full54-scdrs.v4 | BI54: Yes | BJ54: 0.47101219 | BK54: 0.46151121 | BL54: Yes | BM54: 0.45561963 | BN54: 0.44642914 | BO54: No | BR54: 0.48409586 | BS54: 0.47433097 | BT54: full54_complete_including_IAMDGC9 | BU54: IVW t nsnp-1; Egger t nsnp-2; median and modes normal; complete Wald sensitivity
A55: OCT GWAS + six disease GWAS | B55: 17 | C55: -0.62745176 | D55: 0.25518407 | E55: 0.025714588 | F55: 386.98323 | G55: 16 | H55: 1.9399055e-72 | I55: -0.60274043 | J55: 0.29702443 | K55: 0.060564151 | L55: -0.0047078936 | M55: 0.026200241 | N55: 0.85980164 | O55: 386.15202 | P55: 15 | Q55: 5.5981918e-73 | R55: -0.35416896 | S55: 0.58717304 | T55: 0.54639131 | U55: -0.076205137 | V55: 0.22428107 | W55: 0.73402586 | X55: 0.010892932 | Y55: 0.80317225 | Z55: 0.98917911 | AA55: 0.042257367 | AB55: 0.0053384978 | AC55: 0.042257367 | AD55: 0.0053384978 | AE55: Yes | AF55: 1.2436862e-78 | AG55: 96.143685 | AH55: 32.404284 | AI55: 10000 | AJ55: project mrtools.mr; nonparametric bootstrap; fixed seeds 1/2/3 | AK55: RPE | AL55: winkler_earlyamd | AM55: fbb859f0d8e7655b9a48e17a47ad31c0f9225919fa3bb46466323a56ce460463 | AN55: -1.1684178 | AO55: -0.086485689 | AP55: 0.01393944 | AQ55: 0.025714588 | AR55: -1.235833 | AS55: 0.03035216 | AT55: 0.042431599 | AU55: 0.060564151 | AV55: -1.505007 | AW55: 0.79666906 | AX55: 0.54639131 | AY55: 0.54639131 | AZ55: -0.51578796 | BA55: 0.36337769 | BB55: 0.73402586 | BC55: 0.73402586 | BD55: -1.5632957 | BE55: 1.5850816 | BF55: 0.98917911 | BG55: 0.98917911 | BH55: 2026-10-25.full54-scdrs.v4 | BI55: Yes | BJ55: 0.1077225 | BK55: 0.077568962 | BL55: Yes | BM55: 0.10259286 | BN55: 0.075845207 | BO55: Yes | BP55: 0.1077225 | BQ55: 0.081262722 | BR55: 0.077143765 | BS55: 0.041818321 | BT55: full54_complete_including_IAMDGC9 | BU55: IVW t nsnp-1; Egger t nsnp-2; median and modes normal; complete Wald sensitivity

Sheet S4a_MR_PRESSO_54
A1: source_id | B1: layer | C1: outcome | D1: nsnp | E1: NbDistribution | F1: seed | G1: primary_ivw_beta | H1: primary_ivw_se | I1: primary_ivw_p | J1: primary_ivw_Q | K1: primary_ivw_Q_df | L1: primary_ivw_Q_p | M1: mr_presso_raw_beta | N1: mr_presso_raw_se | O1: mr_presso_raw_p | P1: global_RSS_obs | Q1: global_p | R1: global_p_report | S1: outlier_test_conducted | T1: n_outliers_bonferroni_0.05 | U1: outlier_snps | V1: outlier_corrected_beta | W1: outlier_corrected_se | X1: outlier_corrected_p | Y1: distortion_coefficient_percent | Z1: distortion_p | AA1: input_sha256 | AB1: global_BH_across_models
A2: Derived from S3_forwardMR_full54 | B2: CSI | C2: finngen_DM_MACULOPATHY | D2: 12 | E2: 10000 | F2: 20261025 | G2: 0.15115845 | H2: 0.17378837 | I2: 0.40299898 | J2: 15.65373 | K2: 11 | L2: 0.15448061 | M2: 0.15115845 | N2: 0.17378837 | O2: 0.40299898 | P2: 18.799262 | Q2: 0.1615 | R2: 0.1615 | S2: No | T2: 0 | AA2: 638da4a0eef4b175cd99584a4c02e58a6dbc77834cba7d8bdf30bd8fa95787d3 | AB2: 0.18958696
A3: Derived from S3_forwardMR_full54 | B3: GCC | C3: finngen_DM_MACULOPATHY | D3: 31 | E3: 10000 | F3: 20261030 | G3: 0.087915363 | H3: 0.068779362 | I3: 0.21097235 | J3: 34.844521 | K3: 30 | L3: 0.24834174 | M3: 0.087915363 | N3: 0.068779362 | O3: 0.21097235 | P3: 37.130095 | Q3: 0.2604 | R3: 0.2604 | S3: No | T3: 0 | AA3: fc0eb7c856d4e8b8cc28cd7a83787d729dbabe64ee777d6bdd20a44ff3882e78 | AB3: 0.29295
A4: Derived from S3_forwardMR_full54 | B4: GCL | C4: finngen_DM_MACULOPATHY | D4: 33 | E4: 10000 | F4: 20261035 | G4: 0.053424901 | H4: 0.083802401 | I4: 0.5283279 | J4: 49.943353 | K4: 32 | L4: 0.022574758 | M4: 0.053424901 | N4: 0.083802401 | O4: 0.5283279 | P4: 52.896672 | Q4: 0.026 | R4: 0.026 | S4: Yes | T4: 0 | AA4: 0e8de8618bb4f0001dcf5388eb574f09d92d84977da9c6007557a73a06c672c4 | AB4: 0.036
A5: Derived from S3_forwardMR_full54 | B5: INL | C5: finngen_DM_MACULOPATHY | D5: 51 | E5: 10000 | F5: 20261040 | G5: -0.067001875 | H5: 0.055630089 | I5: 0.23409854 | J5: 56.450481 | K5: 50 | L5: 0.24658712 | M5: -0.067001875 | N5: 0.055630089 | O5: 0.23409854 | P5: 57.980691 | Q5: 0.278 | R5: 0.278 | S5: No | T5: 0 | AA5: 8bc5abeb5874517cf578736613362f7c6d7263ff73b3cca2de3de835e0406725 | AB5: 0.30636735
A6: Derived from S3_forwardMR_full54 | B6: IPL | C6: finngen_DM_MACULOPATHY | D6: 42 | E6: 10000 | F6: 20261045 | G6: 0.030410333 | H6: 0.056117644 | I6: 0.5908183 | J6: 41.298276 | K6: 41 | L6: 0.4575846 | M6: 0.030410333 | N6: 0.056117644 | O6: 0.5908183 | P6: 43.319715 | Q6: 0.4614 | R6: 0.4614 | S6: No | T6: 0 | AA6: 24e9e7a526669552981ecb0cd48e948c83e4a7a44fb03d45e817e7ecd90f52ee | AB6: 0.47914615
A7: Derived from S3_forwardMR_full54 | B7: OPL | C7: finngen_DM_MACULOPATHY | D7: 67 | E7: 10000 | F7: 20261050 | G7: -0.060734339 | H7: 0.047247938 | I7: 0.20313122 | J7: 89.379489 | K7: 66 | L7: 0.029301748 | M7: -0.060734339 | N7: 0.047247938 | O7: 0.20313122 | P7: 91.90801 | Q7: 0.0289 | R7: 0.0289 | S7: Yes | T7: 0 | AA7: 03afa8b153dd8386b3c9cd7e0235a53334feb5b56577ef42d5fda9cc3f6a66e4 | AB7: 0.039015
